code,year,plot ,quad,trt,tree,spp,mass
1,2007,1,A,UN,T,BOX,1.451
2,2007,1,A,UN,T,ER,0.291
3,2007,1,A,UN,T,EV,2.798
4,2007,1,A,UN,T,F15,0.228
5,2007,1,A,UN,T,G2,0.113
6,2007,1,A,UN,T,HPASP,3.792
7,2007,1,A,UN,T,J,0.191
8,2007,1,A,UN,T,MERC,0.007
9,2007,1,A,UN,T,PAN,2.285
10,2007,1,A,UN,T,PL,0.231
11,2007,1,A,UN,T,PT,13.512
12,2007,1,A,UN,T,S,2.929
13,2007,1,A,UN,T,S2,0.079
14,2007,1,B,UN,T,EV,0.575
15,2007,1,B,UN,T,F17,0.025
16,2007,1,B,UN,T,G1 ,0.01
17,2007,1,B,UN,T,G5,0.263
18,2007,1,B,UN,T,G7,0.041
19,2007,1,B,UN,T,HPASP,1.26
20,2007,1,B,UN,T,PAN,3.25
21,2007,1,B,UN,T,PASP,0.36
22,2007,1,B,UN,T,PT,11.87
23,2007,1,B,UN,T,S,0.75
24,2007,1,B,UN,T,V,0.286
25,2007,1,C,UN,T,BOX,2.075
26,2007,1,C,UN,T,EV,1.925
27,2007,1,C,UN,T,F18,0.622
28,2007,1,C,UN,T,HPASP,2.691
29,2007,1,C,UN,T,J,0.891
30,2007,1,C,UN,T,MERC,0.049
31,2007,1,C,UN,T,PAN,0.556
32,2007,1,C,UN,T,PASP,3.559
33,2007,1,C,UN,T,PC,0.096
34,2007,1,C,UN,T,PT,9.942
35,2007,1,C,UN,T,S,0.927
36,2007,1,C,UN,T,V,0.792
37,2007,1,D,UN,T,BOX,0.761
38,2007,1,D,UN,T,EV,0.967
39,2007,1,D,UN,T,F25,0.459
40,2007,1,D,UN,T,G1,0.038
41,2007,1,D,UN,T,G12,0.082
42,2007,1,D,UN,T,G2,0.111
43,2007,1,D,UN,T,G5,0.236
44,2007,1,D,UN,T,HPASP,0.462
45,2007,1,D,UN,T,J,0.119
46,2007,1,D,UN,T,LA,0.111
47,2007,1,D,UN,T,PAN,3.705
48,2007,1,D,UN,T,PASP,0.996
49,2007,1,D,UN,T,PL,0.008
50,2007,1,D,UN,T,PT,13.33
51,2007,1,D,UN,T,S,4.422
52,2007,1,D,UN,T,SOLAN,0.266
53,2007,1,D,UN,T,V,0.043
54,2007,1,E,UN,T,EV,0.427
55,2007,1,E,UN,T,G12,0.098
56,2007,1,E,UN,T,G2,0.198
57,2007,1,E,UN,T,HPASP,0.812
58,2007,1,E,UN,T,J,1.539
59,2007,1,E,UN,T,PAN,1.142
60,2007,1,E,UN,T,PASP,0.112
61,2007,1,E,UN,T,PT,20.25
62,2007,1,E,UN,T,S,4.914
63,2007,1,E,UN,T,V,0.222
64,2007,1,F,UN,T,BOX,0.56
65,2007,1,F,UN,T,ER,0.072
66,2007,1,F,UN,T,EV,0.769
67,2007,1,F,UN,T,G5,0.082
68,2007,1,F,UN,T,HAST,6.263
69,2007,1,F,UN,T,HPASP,1.68
70,2007,1,F,UN,T,J,0.943
71,2007,1,F,UN,T,MERC,0.113
72,2007,1,F,UN,T,PAN,1.271
73,2007,1,F,UN,T,PT,28.79
74,2007,1,F,UN,T,PV,0.641
75,2007,1,F,UN,T,S,2.706
76,2007,1,F,UN,T,S2,0.314
77,2007,1,F,UN,T,V,0.146
78,2007,2,A,UN,T,API,0.019
79,2007,2,A,UN,T,BOX,0.416
80,2007,2,A,UN,T,EV,1.654
81,2007,2,A,UN,T,F17,0.009
82,2007,2,A,UN,T,F3,0.013
83,2007,2,A,UN,T,G1,1.192
84,2007,2,A,UN,T,G5,0.213
85,2007,2,A,UN,T,LA,1.032
86,2007,2,A,UN,T,MERC,0.024
87,2007,2,A,UN,T,PAN,8.86
88,2007,2,A,UN,T,PASP,9.099
89,2007,2,A,UN,T,PC,1.26
90,2007,2,A,UN,T,PL,0.889
91,2007,2,A,UN,T,PV,1.532
92,2007,2,A,UN,T,S,3.193
93,2007,2,A,UN,T,SEN,2.242
94,2007,2,A,UN,T,STJ,0.02
95,2007,2,A,UN,T,SYC,0.086
96,2007,2,A,UN,T,V,0.371
97,2007,2,B,UN,T,API,0.006
98,2007,2,B,UN,T,AST,2.345
99,2007,2,B,UN,T,BOX,2.923
100,2007,2,B,UN,T,F1,0.102
101,2007,2,B,UN,T,F17,0.01
102,2007,2,B,UN,T,G12,0.197
103,2007,2,B,UN,T,G2,0.063
104,2007,2,B,UN,T,HPASP,0.252
105,2007,2,B,UN,T,J,0.784
106,2007,2,B,UN,T,PAN,12.054
107,2007,2,B,UN,T,PASP,3.917
108,2007,2,B,UN,T,PC,0.527
109,2007,2,B,UN,T,PL,0.073
110,2007,2,B,UN,T,PT,4.173
111,2007,2,B,UN,T,PV,1.618
112,2007,2,B,UN,T,S,3.997
113,2007,2,B,UN,T,V,1.09
114,2007,2,C,UN,T,API,1.03
115,2007,2,C,UN,T,BOX,0.577
116,2007,2,C,UN,T,EV,8.28
117,2007,2,C,UN,T,F14,0.668
118,2007,2,C,UN,T,F17,0.037
119,2007,2,C,UN,T,F3,0.068
120,2007,2,C,UN,T,F4,0.084
121,2007,2,C,UN,T,G5,0.073
122,2007,2,C,UN,T,J,0.271
123,2007,2,C,UN,T,PAN,7.39
124,2007,2,C,UN,T,PASP,13.24
125,2007,2,C,UN,T,PT,2.658
126,2007,2,C,UN,T,PV,0.541
127,2007,2,C,UN,T,S,2.991
128,2007,2,C,UN,T,V,0.033
129,2007,2,D,UN,T,API,0.386
130,2007,2,D,UN,T,EV,0.328
131,2007,2,D,UN,T,F1,0.032
132,2007,2,D,UN,T,F17,0.082
133,2007,2,D,UN,T,F8,1.477
134,2007,2,D,UN,T,G2,0.936
135,2007,2,D,UN,T,G7,0.096
136,2007,2,D,UN,T,J,1.991
137,2007,2,D,UN,T,PAN,1.93
138,2007,2,D,UN,T,PASP,2.003
139,2007,2,D,UN,T,PL ,0.263
140,2007,2,D,UN,T,PV,0.177
141,2007,2,D,UN,T,S,3.621
142,2007,2,D,UN,T,V,1.834
143,2007,2,E,UN,T,BOX,0.268
144,2007,2,E,UN,T,EV,4.66
145,2007,2,E,UN,T,F1,0.01
146,2007,2,E,UN,T,F2 ,0.721
147,2007,2,E,UN,T,F4,0.18
148,2007,2,E,UN,T,F5,0.121
149,2007,2,E,UN,T,G1,0.177
150,2007,2,E,UN,T,G7,0.036
151,2007,2,E,UN,T,LA,1.322
152,2007,2,E,UN,T,MERC,0.013
153,2007,2,E,UN,T,PAN,2.506
154,2007,2,E,UN,T,PASP,1.166
155,2007,2,E,UN,T,PV,0.736
156,2007,2,E,UN,T,S,1.718
157,2007,2,E,UN,T,SEN,6.389
158,2007,2,E,UN,T,STJ,0.03
159,2007,2,E,UN,T,V,2.367
160,2007,2,F,UN,T,API,0.063
161,2007,2,F,UN,T,AST,6.24
162,2007,2,F,UN,T,BOX,1.149
163,2007,2,F,UN,T,EV,0.875
164,2007,2,F,UN,T,F1,0.039
165,2007,2,F,UN,T,F2,0.245
166,2007,2,F,UN,T,F2P,0.141
167,2007,2,F,UN,T,F4,0.188
168,2007,2,F,UN,T,G14,0.669
169,2007,2,F,UN,T,HPASP,0.772
170,2007,2,F,UN,T,J,0.352
171,2007,2,F,UN,T,LA,0.258
172,2007,2,F,UN,T,MERC,0.01
173,2007,2,F,UN,T,OX,0.005
174,2007,2,F,UN,T,PAN,2.907
175,2007,2,F,UN,T,PASP,4.587
176,2007,2,F,UN,T,PC,0.782
177,2007,2,F,UN,T,PL,3.022
178,2007,2,F,UN,T,PV,0.626
179,2007,2,F,UN,T,S,2.191
180,2007,2,F,UN,T,SET,0.412
181,2007,2,F,UN,T,SYC,0.085
182,2007,2,F,UN,T,V,0.62
183,2007,3,A,UN,T,BOX,0.272
184,2007,3,A,UN,T,CORNUS,1.516
185,2007,3,A,UN,T,ER,0.313
186,2007,3,A,UN,T,F1,0.019
187,2007,3,A,UN,T,F25,0.073
188,2007,3,A,UN,T,F3,0.027
189,2007,3,A,UN,T,G2,0.071
190,2007,3,A,UN,T,G5,0.096
191,2007,3,A,UN,T,J,0.859
192,2007,3,A,UN,T,LA,5.403
193,2007,3,A,UN,T,PAN,0.472
194,2007,3,A,UN,T,PASP,0.159
195,2007,3,A,UN,T,PT,0.926
196,2007,3,A,UN,T,PV,0.029
197,2007,3,A,UN,T,S,0.759
198,2007,3,A,UN,T,S2,0.387
199,2007,3,A,UN,T,SEN,4.661
200,2007,3,A,UN,T,V,0.311
201,2007,3,B,UN,T,ASC,0.25
202,2007,3,B,UN,T,BOX,0.393
203,2007,3,B,UN,T,ER,0.459
204,2007,3,B,UN,T,EV,2.773
205,2007,3,B,UN,T,F1,0.012
206,2007,3,B,UN,T,F17,0.005
207,2007,3,B,UN,T,F18,0.186
208,2007,3,B,UN,T,G14,1.666
209,2007,3,B,UN,T,G2,0.484
210,2007,3,B,UN,T,G5,0.008
211,2007,3,B,UN,T,G7,0.584
212,2007,3,B,UN,T,HPASP,0.966
213,2007,3,B,UN,T,J,0.532
214,2007,3,B,UN,T,LA,6.122
215,2007,3,B,UN,T,LN,0.074
216,2007,3,B,UN,T,PAN,4.717
217,2007,3,B,UN,T,PASP,3.195
218,2007,3,B,UN,T,PL,0.009
219,2007,3,B,UN,T,PQ,0.121
220,2007,3,B,UN,T,PT,3.851
221,2007,3,B,UN,T,PV,0.029
222,2007,3,B,UN,T,S,5.381
223,2007,3,B,UN,T,S2,0.935
224,2007,3,B,UN,T,SOLAN,0.166
225,2007,3,B,UN,T,STJ,0.135
226,2007,3,B,UN,T,V,0.288
227,2007,3,C,UN,T,AST,27.72
228,2007,3,C,UN,T,BOX,0.106
229,2007,3,C,UN,T,BPASP,2.553
230,2007,3,C,UN,T,ER,5.269
231,2007,3,C,UN,T,EV,0.429
232,2007,3,C,UN,T,F1,0.022
233,2007,3,C,UN,T,F11,0.028
234,2007,3,C,UN,T,F18,0.342
235,2007,3,C,UN,T,G1,0.139
236,2007,3,C,UN,T,G7,0.708
237,2007,3,C,UN,T,LN,0.139
238,2007,3,C,UN,T,PAN,3.761
239,2007,3,C,UN,T,PASP,0.792
240,2007,3,C,UN,T,PC,0.57
241,2007,3,C,UN,T,PL,0.131
242,2007,3,C,UN,T,PV,0.521
243,2007,3,C,UN,T,S,2.537
244,2007,3,C,UN,T,S2,0.687
245,2007,3,C,UN,T,SOLAN,0.172
246,2007,3,C,UN,T,V,3.939
247,2007,3,D,UN,T,AST ,1.112
248,2007,3,D,UN,T,AST2,7.86
249,2007,3,D,UN,T,ER,0.379
250,2007,3,D,UN,T,EV,0.891
251,2007,3,D,UN,T,F1,0.061
252,2007,3,D,UN,T,F18,0.16
253,2007,3,D,UN,T,F4,0.206
254,2007,3,D,UN,T,F6,0.756
255,2007,3,D,UN,T,G2,0.741
256,2007,3,D,UN,T,G7,0.44
257,2007,3,D,UN,T,J,2.199
258,2007,3,D,UN,T,LA,0.307
259,2007,3,D,UN,T,MERC,0.09
260,2007,3,D,UN,T,PAN,2.414
261,2007,3,D,UN,T,PASP,3.549
262,2007,3,D,UN,T,PL,0.275
263,2007,3,D,UN,T,PT,0.434
264,2007,3,D,UN,T,PV,0.013
265,2007,3,D,UN,T,S,2.37
266,2007,3,D,UN,T,S2,0.816
267,2007,3,D,UN,T,TUL,0.197
268,2007,3,D,UN,T,V,0.394
269,2007,3,E,UN,T,AST,3.537
270,2007,3,E,UN,T,BOX,0.401
271,2007,3,E,UN,T,ER,2.38
272,2007,3,E,UN,T,F1,0.007
273,2007,3,E,UN,T,F3,0.028
274,2007,3,E,UN,T,F4,0.023
275,2007,3,E,UN,T,G2,0.196
276,2007,3,E,UN,T,HSOL,1.171
277,2007,3,E,UN,T,J,0.712
278,2007,3,E,UN,T,MERC,0.058
279,2007,3,E,UN,T,PAN,3.183
280,2007,3,E,UN,T,PASP,0.144
281,2007,3,E,UN,T,PC,0.266
282,2007,3,E,UN,T,PT,0.328
283,2007,3,E,UN,T,PV,1.177
284,2007,3,E,UN,T,S,3.18
285,2007,3,E,UN,T,S2,0.808
286,2007,3,E,UN,T,SPICE,0.18
287,2007,3,E,UN,T,STJ,0.072
288,2007,3,E,UN,T,V,1.574
289,2007,3,F,UN,T,BOX,0.151
290,2007,3,F,UN,T,ER,0.07
291,2007,3,F,UN,T,F1,0.102
292,2007,3,F,UN,T,F11,0.013
293,2007,3,F,UN,T,G1,0.686
294,2007,3,F,UN,T,G2,1.022
295,2007,3,F,UN,T,G7,0.441
296,2007,3,F,UN,T,J,1.547
297,2007,3,F,UN,T,LN,0.115
298,2007,3,F,UN,T,OX,0.016
299,2007,3,F,UN,T,PAN,5.82
300,2007,3,F,UN,T,PASP,4.725
301,2007,3,F,UN,T,PV,0.182
302,2007,3,F,UN,T,S,2.297
303,2007,3,F,UN,T,S2,0.995
304,2007,3,F,UN,T,V,0.512
305,2007,4,A,UN,T,AST,56.78
306,2007,4,A,UN,T,BIND,1.018
307,2007,4,A,UN,T,F11,0.13
308,2007,4,A,UN,T,G2,0.01
309,2007,4,A,UN,T,G3,0.068
310,2007,4,A,UN,T,G7,0.878
311,2007,4,A,UN,T,LN,0.282
312,2007,4,A,UN,T,POLY,2.149
313,2007,4,A,UN,T,SOLAN,40.7
314,2007,4,B,UN,T,BOX,3.1
315,2007,4,B,UN,T,F11,0.995
316,2007,4,B,UN,T,G3,0.198
317,2007,4,B,UN,T,G7,4.117
318,2007,4,B,UN,T,HPOLY,2.041
319,2007,4,B,UN,T,S,2.882
320,2007,4,B,UN,T,S2,0.19
321,2007,4,C,UN,T,EV,0.11
322,2007,4,C,UN,T,G3,0.288
323,2007,4,C,UN,T,G7,0.373
324,2007,4,C,UN,T,HORSE,14.38
325,2007,4,C,UN,T,HPOLY,0.448
326,2007,4,C,UN,T,S,0.127
327,2007,4,C,UN,T,S2,0.639
328,2007,4,D,UN,T,BOX,5.627
329,2007,4,D,UN,T,ER,0.091
330,2007,4,D,UN,T,EV,3.117
331,2007,4,D,UN,T,G3,0.194
332,2007,4,D,UN,T,G7,4.331
333,2007,4,D,UN,T,LN,0.1
334,2007,4,E,UN,T,BPASP,23.34
335,2007,4,E,UN,T,G13,12.7
336,2007,4,E,UN,T,G3,2.864
337,2007,4,E,UN,T,POLY,1.719
338,2007,4,E,UN,T,VIT,2.547
339,2007,4,F,UN,T,BOX,1.049
340,2007,4,F,UN,T,F11,0.087
341,2007,4,F,UN,T,G1,0.02
342,2007,4,F,UN,T,G3,0.982
343,2007,4,F,UN,T,G7,0.147
344,2007,4,F,UN,T,G8,8.35
345,2007,5,A,UN,T,AMB,2.83
346,2007,5,A,UN,T,EV,0.742
347,2007,5,A,UN,T,EV,0.188
348,2007,5,A,UN,T,F17,0.411
349,2007,5,A,UN,T,G5,0.075
350,2007,5,A,UN,T,J,0.058
351,2007,5,A,UN,T,LA,0.139
352,2007,5,A,UN,T,PAN,8.458
353,2007,5,A,UN,T,PASP,0.952
354,2007,5,A,UN,T,PC,1.274
355,2007,5,A,UN,T,PL,0.021
356,2007,5,A,UN,T,PT,0.265
357,2007,5,A,UN,T,PV,0.013
358,2007,5,A,UN,T,S,9.625
359,2007,5,A,UN,T,SET,0.038
360,2007,5,A,UN,T,V,2.762
361,2007,5,B,UN,T,BOX,0.04
362,2007,5,B,UN,T,ER,1.145
363,2007,5,B,UN,T,F25,15.67
364,2007,5,B,UN,T,G1,0.084
365,2007,5,B,UN,T,G5,0.004
366,2007,5,B,UN,T,HPASP,0.123
367,2007,5,B,UN,T,LA,0.146
368,2007,5,B,UN,T,MERC,0.096
369,2007,5,B,UN,T,PAN,5.458
370,2007,5,B,UN,T,PASP,3.147
371,2007,5,B,UN,T,PT,2.869
372,2007,5,B,UN,T,S,8.06
373,2007,5,B,UN,T,SASS,1.159
374,2007,5,B,UN,T,V,2.962
375,2007,5,C,UN,T,ASH,0.155
376,2007,5,C,UN,T,BOX,0.137
377,2007,5,C,UN,T,ER,0.026
378,2007,5,C,UN,T,F17,0.033
379,2007,5,C,UN,T,F21,0.024
380,2007,5,C,UN,T,F3,0.015
381,2007,5,C,UN,T,F6,1.008
382,2007,5,C,UN,T,G2,0.036
383,2007,5,C,UN,T,G7,0.82
384,2007,5,C,UN,T,HAST,12.56
385,2007,5,C,UN,T,HPASP,0.463
386,2007,5,C,UN,T,J,0.508
387,2007,5,C,UN,T,LA,0.866
388,2007,5,C,UN,T,MERC,0.296
389,2007,5,C,UN,T,PAN,8.94
390,2007,5,C,UN,T,PASP,0.945
391,2007,5,C,UN,T,PC,0.346
392,2007,5,C,UN,T,PT,2.674
393,2007,5,C,UN,T,PV,1.606
394,2007,5,C,UN,T,S,5.446
395,2007,5,C,UN,T,TUL,0.347
396,2007,5,C,UN,T,V,0.878
397,2007,5,D,UN,T,AST,13.32
398,2007,5,D,UN,T,BOX,0.169
399,2007,5,D,UN,T,EV,0.995
400,2007,5,D,UN,T,F1,0.001
401,2007,5,D,UN,T,F15,0.04
402,2007,5,D,UN,T,F4,0.059
403,2007,5,D,UN,T,G2,0.134
404,2007,5,D,UN,T,J,0.269
405,2007,5,D,UN,T,LA,0.882
406,2007,5,D,UN,T,MERC,0.032
407,2007,5,D,UN,T,PAN,6.784
408,2007,5,D,UN,T,PASP,2.393
409,2007,5,D,UN,T,PL,0.068
410,2007,5,D,UN,T,PT,0.728
411,2007,5,D,UN,T,PV,0.164
412,2007,5,D,UN,T,S,5.628
413,2007,5,D,UN,T,SET,0.051
414,2007,5,D,UN,T,V,0.439
415,2007,5,E,UN,T,AST,6.39
416,2007,5,E,UN,T,BOX,0.134
417,2007,5,E,UN,T,ER,2.111
418,2007,5,E,UN,T,F17,0.028
419,2007,5,E,UN,T,F21,0.012
420,2007,5,E,UN,T,F6,0.096
421,2007,5,E,UN,T,G2,0.287
422,2007,5,E,UN,T,G5,0.087
423,2007,5,E,UN,T,G7,0.132
424,2007,5,E,UN,T,HPASP,0.078
425,2007,5,E,UN,T,HSOL,0.641
426,2007,5,E,UN,T,J,0.173
427,2007,5,E,UN,T,PAN,11.08
428,2007,5,E,UN,T,PASP,4.171
429,2007,5,E,UN,T,PC,1.91
430,2007,5,E,UN,T,PL,0.107
431,2007,5,E,UN,T,PT,1.276
432,2007,5,E,UN,T,PV,0.029
433,2007,5,E,UN,T,S,4.191
434,2007,5,E,UN,T,SET,0.042
435,2007,5,E,UN,T,V,2.485
436,2007,5,F,UN,T,API,3.1
437,2007,5,F,UN,T,BOX,0.117
438,2007,5,F,UN,T,ER,1.242
439,2007,5,F,UN,T,F17,0.042
440,2007,5,F,UN,T,F6,4.68
441,2007,5,F,UN,T,G7,0.033
442,2007,5,F,UN,T,HPASP,0.154
443,2007,5,F,UN,T,J,0.226
444,2007,5,F,UN,T,PAN,6.087
445,2007,5,F,UN,T,PASP,1.681
446,2007,5,F,UN,T,PC,0.64
447,2007,5,F,UN,T,PL,0.559
448,2007,5,F,UN,T,PT,1.54
449,2007,5,F,UN,T,PV,0.018
450,2007,5,F,UN,T,S,3.01
451,2007,5,F,UN,T,SET,0.045
452,2007,5,F,UN,T,STJ,0.021
453,2007,5,F,UN,T,V,2.448
454,2007,6,A,UN,T,AST2,53.97
455,2007,6,A,UN,T,BOX,0.186
456,2007,6,A,UN,T,EV,1.11
457,2007,6,A,UN,T,G3,0.932
458,2007,6,A,UN,T,G6,2.026
459,2007,6,A,UN,T,G7,0.197
460,2007,6,A,UN,T,J,0.036
461,2007,6,A,UN,T,MERC,0.086
462,2007,6,A,UN,T,PC,0.576
463,2007,6,A,UN,T,POLY,1.215
464,2007,6,A,UN,T,S,1.106
465,2007,6,A,UN,T,S2,0.394
466,2007,6,A,UN,T,SEN,17.3
467,2007,6,A,UN,T,STJ,0.398
468,2007,6,A,UN,T,V,0.206
469,2007,6,B,UN,T,DOCK,12.67
470,2007,6,B,UN,T,ER,0.498
471,2007,6,B,UN,T,G3,1.405
472,2007,6,B,UN,T,G7,0.577
473,2007,6,B,UN,T,J,0.157
474,2007,6,B,UN,T,LA,0.89
475,2007,6,B,UN,T,PAN,0.384
476,2007,6,B,UN,T,POLY,0.992
477,2007,6,B,UN,T,S,5.857
478,2007,6,B,UN,T,S2,0.272
479,2007,6,B,UN,T,SEN,14.59
480,2007,6,B,UN,T,STJ,0.66
481,2007,6,B,UN,T,V,2.444
482,2007,6,C,UN,T,BOX,0.189
483,2007,6,C,UN,T,F24,0.34
484,2007,6,C,UN,T,G3,3.58
485,2007,6,C,UN,T,MERC,2.546
486,2007,6,C,UN,T,POLY,3.129
487,2007,6,C,UN,T,S,3.602
488,2007,6,C,UN,T,STJ,2.75
489,2007,6,C,UN,T,V,0.012
490,2007,6,D,UN,T,BOX,1.555
491,2007,6,D,UN,T,ER,0.04
492,2007,6,D,UN,T,F1,0.017
493,2007,6,D,UN,T,G3,1.175
494,2007,6,D,UN,T,G5,4.859
495,2007,6,D,UN,T,G7,0.072
496,2007,6,D,UN,T,LA,1.084
497,2007,6,D,UN,T,MERC,0.297
498,2007,6,D,UN,T,POLY,4.098
499,2007,6,D,UN,T,S,0.051
500,2007,6,D,UN,T,SEN,8.15
501,2007,6,D,UN,T,SOL1,42.12
502,2007,6,D,UN,T,V,5.117
503,2007,6,E,UN,T,AST2,83.12
504,2007,6,E,UN,T,BOX,3.162
505,2007,6,E,UN,T,EV,0.085
506,2007,6,E,UN,T,F11,0.015
507,2007,6,E,UN,T,MERC,0.007
508,2007,6,E,UN,T,PASP,0.757
509,2007,6,E,UN,T,POLY,0.172
510,2007,6,E,UN,T,S,0.018
511,2007,6,E,UN,T,S2,0.121
512,2007,6,E,UN,T,V,12.17
513,2007,6,F,UN,T,AST ,43.73
514,2007,6,F,UN,T,BOX,1.897
515,2007,6,F,UN,T,F17,0.006
516,2007,6,F,UN,T,G7,0.047
517,2007,6,F,UN,T,J,0.739
518,2007,6,F,UN,T,POLY,0.234
519,2007,6,F,UN,T,S,1.559
520,2007,6,F,UN,T,S2,3
521,2007,6,F,UN,T,V,3.148
522,2007,7,A,UN,T,API,0.05
523,2007,7,A,UN,T,BOX,0.859
524,2007,7,A,UN,T,EV,8.77
525,2007,7,A,UN,T,F10,0.13
526,2007,7,A,UN,T,F16,0.34
527,2007,7,A,UN,T,G1,0.096
528,2007,7,A,UN,T,HPASP,0.277
529,2007,7,A,UN,T,OX,0.121
530,2007,7,A,UN,T,PAN,5.797
531,2007,7,A,UN,T,PASP,14.55
532,2007,7,A,UN,T,PT,4.996
533,2007,7,A,UN,T,S,4.552
534,2007,7,A,UN,T,TR,0.048
535,2007,7,A,UN,T,TUL,0.315
536,2007,7,A,UN,T,V,0.116
537,2007,7,B,UN,T,AST,7.09
538,2007,7,B,UN,T,BOX,0.072
539,2007,7,B,UN,T,ER,0.419
540,2007,7,B,UN,T,F1,0.003
541,2007,7,B,UN,T,F14,0.011
542,2007,7,B,UN,T,F4,0.108
543,2007,7,B,UN,T,G1,0.309
544,2007,7,B,UN,T,G5,0.26
545,2007,7,B,UN,T,HPASP,2.463
546,2007,7,B,UN,T,MERC,0.03
547,2007,7,B,UN,T,PAN,5.39
548,2007,7,B,UN,T,PASP,10.76
549,2007,7,B,UN,T,PLANT,0.275
550,2007,7,B,UN,T,PV,0.916
551,2007,7,B,UN,T,S,1.595
552,2007,7,B,UN,T,TR,0.014
553,2007,7,B,UN,T,TUL,0.015
554,2007,7,B,UN,T,V,0.561
555,2007,7,C,UN,T,AST,1.234
556,2007,7,C,UN,T,BOX,0.251
557,2007,7,C,UN,T,ER,2.273
558,2007,7,C,UN,T,F1,0.133
559,2007,7,C,UN,T,F2 ,0.056
560,2007,7,C,UN,T,F5,0.178
561,2007,7,C,UN,T,G12,1.244
562,2007,7,C,UN,T,G5,0.056
563,2007,7,C,UN,T,HPASP,2.83
564,2007,7,C,UN,T,MERC,0.015
565,2007,7,C,UN,T,PAN,3.76
566,2007,7,C,UN,T,PASP,7.181
567,2007,7,C,UN,T,PL,0.14
568,2007,7,C,UN,T,PT,6.397
569,2007,7,C,UN,T,S,4.496
570,2007,7,C,UN,T,TC,0.039
571,2007,7,C,UN,T,V,0.884
572,2007,7,D,UN,T,ER,2.776
573,2007,7,D,UN,T,EV,0.136
574,2007,7,D,UN,T,F16,0.483
575,2007,7,D,UN,T,G1,0.036
576,2007,7,D,UN,T,G12,0.075
577,2007,7,D,UN,T,G2,0.049
578,2007,7,D,UN,T,G8,7.15
579,2007,7,D,UN,T,HPASP,1.852
580,2007,7,D,UN,T,LA,0.665
581,2007,7,D,UN,T,MERC,0.047
582,2007,7,D,UN,T,PAN,1.678
583,2007,7,D,UN,T,PASP,6.331
584,2007,7,D,UN,T,PL,0.148
585,2007,7,D,UN,T,PT,4.129
586,2007,7,D,UN,T,PV,0.382
587,2007,7,D,UN,T,S,1.698
588,2007,7,D,UN,T,TR,0.011
589,2007,7,D,UN,T,V,0.724
590,2007,7,E,UN,T,ASC,1.649
591,2007,7,E,UN,T,EV,0.975
592,2007,7,E,UN,T,F21,0.045
593,2007,7,E,UN,T,G5,0.117
594,2007,7,E,UN,T,G7,1.636
595,2007,7,E,UN,T,HPASP,1.376
596,2007,7,E,UN,T,PAN,3.274
597,2007,7,E,UN,T,PASP,16.581
598,2007,7,E,UN,T,PL ,1.582
599,2007,7,E,UN,T,PLANT,0.049
600,2007,7,E,UN,T,PT,1.077
601,2007,7,E,UN,T,PV,0.931
602,2007,7,E,UN,T,S,1.546
603,2007,7,E,UN,T,TR,0.023
604,2007,7,E,UN,T,V,0.138
605,2007,7,F,UN,T,BOX,0.349
606,2007,7,F,UN,T,EV,0.615
607,2007,7,F,UN,T,F13,0.654
608,2007,7,F,UN,T,F2 ,0.066
609,2007,7,F,UN,T,F3,0.003
610,2007,7,F,UN,T,F5,0.054
611,2007,7,F,UN,T,G1,0.081
612,2007,7,F,UN,T,G5,0.1
613,2007,7,F,UN,T,HPASP,0.903
614,2007,7,F,UN,T,LA,3.609
615,2007,7,F,UN,T,MERC2,0.126
616,2007,7,F,UN,T,PAN,4.309
617,2007,7,F,UN,T,PASP,7.546
618,2007,7,F,UN,T,PC,1.521
619,2007,7,F,UN,T,PL,0.063
620,2007,7,F,UN,T,S,1.91
621,2007,7,F,UN,T,TC,0.684
622,2007,7,F,UN,T,V,0.746
623,2007,8,A,UN,T,BOX,0.139
624,2007,8,A,UN,T,ER,1.84
625,2007,8,A,UN,T,F3,0.051
626,2007,8,A,UN,T,G2,0.304
627,2007,8,A,UN,T,G5,0.283
628,2007,8,A,UN,T,HPASP,0.053
629,2007,8,A,UN,T,J,1.877
630,2007,8,A,UN,T,LA,2.454
631,2007,8,A,UN,T,MERC,0.003
632,2007,8,A,UN,T,PAN,2.782
633,2007,8,A,UN,T,PL,0.331
634,2007,8,A,UN,T,PT,0.181
635,2007,8,A,UN,T,S,4.946
636,2007,8,A,UN,T,S2,0.481
637,2007,8,A,UN,T,SOLAN,0.218
638,2007,8,A,UN,T,STJ,0.088
639,2007,8,A,UN,T,V,0.123
640,2007,8,B,UN,T,BOX,1.108
641,2007,8,B,UN,T,ER,6.021
642,2007,8,B,UN,T,EV,1.48
643,2007,8,B,UN,T,F21,0.006
644,2007,8,B,UN,T,F25,1.08
645,2007,8,B,UN,T,F3,0.103
646,2007,8,B,UN,T,G2,0.447
647,2007,8,B,UN,T,G5,0.007
648,2007,8,B,UN,T,G7,0.367
649,2007,8,B,UN,T,J,1.213
650,2007,8,B,UN,T,PAN,6.978
651,2007,8,B,UN,T,PASP,0.062
652,2007,8,B,UN,T,PL,0.181
653,2007,8,B,UN,T,PV,0.049
654,2007,8,B,UN,T,S,5.272
655,2007,8,B,UN,T,SOLAN,2.481
656,2007,8,B,UN,T,STJ,0.064
657,2007,8,B,UN,T,TUL,0.279
658,2007,8,B,UN,T,V,0.141
659,2007,8,B,UN,T,VIT,0.327
660,2007,8,C,UN,T,F1,0.021
661,2007,8,C,UN,T,F25,1.865
662,2007,8,C,UN,T,F4,0.027
663,2007,8,C,UN,T,G12,0.946
664,2007,8,C,UN,T,G2,0.666
665,2007,8,C,UN,T,G5,0.238
666,2007,8,C,UN,T,G7,1.134
667,2007,8,C,UN,T,HAST,4.976
668,2007,8,C,UN,T,HPASP,1.265
669,2007,8,C,UN,T,J,1.692
670,2007,8,C,UN,T,PAN,5.744
671,2007,8,C,UN,T,PASP,1.498
672,2007,8,C,UN,T,PC,1.151
673,2007,8,C,UN,T,PT,4.432
674,2007,8,C,UN,T,S,2.828
675,2007,8,C,UN,T,S2,0.618
676,2007,8,C,UN,T,SEN,3.416
677,2007,8,C,UN,T,STJ,0.093
678,2007,8,C,UN,T,SYC,0.07
679,2007,8,C,UN,T,V,0.022
680,2007,8,D,UN,T,BOX,0.175
681,2007,8,D,UN,T,ER,1.308
682,2007,8,D,UN,T,EV,1.756
683,2007,8,D,UN,T,F3,0.121
684,2007,8,D,UN,T,G7,0.22
685,2007,8,D,UN,T,J,0.485
686,2007,8,D,UN,T,PAN,0.995
687,2007,8,D,UN,T,PASP,2.007
688,2007,8,D,UN,T,PT,0.905
689,2007,8,D,UN,T,PV,0.036
690,2007,8,D,UN,T,S,0.845
691,2007,8,D,UN,T,S2,0.225
692,2007,8,D,UN,T,SOLAN,0.211
693,2007,8,D,UN,T,V,0.038
694,2007,8,E,UN,T,AST,61.39
695,2007,8,E,UN,T,ER,1.97
696,2007,8,E,UN,T,EV,1.481
697,2007,8,E,UN,T,F1,0.055
698,2007,8,E,UN,T,F18,0.072
699,2007,8,E,UN,T,F21,0.01
700,2007,8,E,UN,T,F3,0.016
701,2007,8,E,UN,T,F4,0.183
702,2007,8,E,UN,T,G2,0.253
703,2007,8,E,UN,T,G5,0.175
704,2007,8,E,UN,T,G7,1.689
705,2007,8,E,UN,T,HPASP,0.028
706,2007,8,E,UN,T,HPL,0.439
707,2007,8,E,UN,T,HSOL,0.27
708,2007,8,E,UN,T,J,2.45
709,2007,8,E,UN,T,OX,0.023
710,2007,8,E,UN,T,PAN,4.519
711,2007,8,E,UN,T,PT,0.178
712,2007,8,E,UN,T,S,5.923
713,2007,8,E,UN,T,S2,0.266
714,2007,8,E,UN,T,STJ,0.139
715,2007,8,E,UN,T,SYC,0.033
716,2007,8,E,UN,T,V,0.192
717,2007,8,F,UN,T,BOX,0.197
718,2007,8,F,UN,T,ER,1.304
719,2007,8,F,UN,T,G5,0.103
720,2007,8,F,UN,T,G7,0.262
721,2007,8,F,UN,T,HPASP,0.108
722,2007,8,F,UN,T,J,3.782
723,2007,8,F,UN,T,LA,2.38
724,2007,8,F,UN,T,PAN,3.768
725,2007,8,F,UN,T,PC,0.178
726,2007,8,F,UN,T,PT,0.649
727,2007,8,F,UN,T,PV,0.182
728,2007,8,F,UN,T,S,4.258
729,2007,8,F,UN,T,S2,0.83
730,2007,8,F,UN,T,SOL1,82.1
731,2007,8,F,UN,T,V,0.052
732,2007,9,A,INV,T,API,0.024
733,2007,9,A,INV,T,AST,16.51
734,2007,9,A,INV,T,ER,0.301
735,2007,9,A,INV,T,F1,0.088
736,2007,9,A,INV,T,G7,0.126
737,2007,9,A,INV,T,J,0.304
738,2007,9,A,INV,T,LA,1.821
739,2007,9,A,INV,T,M,34.47
740,2007,9,A,INV,T,PC,1.029
741,2007,9,A,INV,T,S,0.952
742,2007,9,A,INV,T,V,0.962
743,2007,9,B,INV,T,J,0.039
744,2007,9,B,INV,T,M,13.87
745,2007,9,B,INV,T,PAN,0.148
746,2007,9,B,INV,T,PC,0.296
747,2007,9,B,INV,T,ROSE,7.28
748,2007,9,B,INV,T,S,0.818
749,2007,9,B,INV,T,S2,0.034
750,2007,9,B,INV,T,V,0.217
751,2007,9,C,INV,T,AMB,1.323
752,2007,9,C,INV,T,ER,4.005
753,2007,9,C,INV,T,F1,0.033
754,2007,9,C,INV,T,F3,0.196
755,2007,9,C,INV,T,G2,1.014
756,2007,9,C,INV,T,G7,0.253
757,2007,9,C,INV,T,J,0.332
758,2007,9,C,INV,T,LA,1.252
759,2007,9,C,INV,T,M,25.568
760,2007,9,C,INV,T,MERC,0.072
761,2007,9,C,INV,T,OX,0.005
762,2007,9,C,INV,T,PAN,0.761
763,2007,9,C,INV,T,PL,0.245
764,2007,9,C,INV,T,S,3.579
765,2007,9,C,INV,T,STJ,0.018
766,2007,9,C,INV,T,V,0.159
767,2007,9,D,INV,T,ER,0.854
768,2007,9,D,INV,T,F1,0.023
769,2007,9,D,INV,T,F4,0.123
770,2007,9,D,INV,T,G2,0.164
771,2007,9,D,INV,T,G7,0.739
772,2007,9,D,INV,T,J,0.14
773,2007,9,D,INV,T,LA,0.599
774,2007,9,D,INV,T,LN,0.237
775,2007,9,D,INV,T,M,27.64
776,2007,9,D,INV,T,MERC,0.108
777,2007,9,D,INV,T,PAN,0.774
778,2007,9,D,INV,T,S,1.103
779,2007,9,D,INV,T,S2,0.047
780,2007,9,D,INV,T,SET,0.215
781,2007,9,D,INV,T,STJ,0.118
782,2007,9,D,INV,T,V,0.507
783,2007,9,E,INV,T,ER,1.541
784,2007,9,E,INV,T,F1,0.048
785,2007,9,E,INV,T,G7,0.113
786,2007,9,E,INV,T,J,0.22
787,2007,9,E,INV,T,LA,19.006
788,2007,9,E,INV,T,M,37.1
789,2007,9,E,INV,T,MERC,0.014
790,2007,9,E,INV,T,OX,0.002
791,2007,9,E,INV,T,PAN,0.25
792,2007,9,E,INV,T,PL,0.152
793,2007,9,E,INV,T,S,0.123
794,2007,9,E,INV,T,SEN,0.353
795,2007,9,E,INV,T,V,0.728
796,2007,9,F,INV,T,ER,0.884
797,2007,9,F,INV,T,F1,0.04
798,2007,9,F,INV,T,G2,0.115
799,2007,9,F,INV,T,G7,0.074
800,2007,9,F,INV,T,J,0.179
801,2007,9,F,INV,T,LA,2.968
802,2007,9,F,INV,T,M,60.59
803,2007,9,F,INV,T,PV,0.02
804,2007,9,F,INV,T,ROSE,0.435
805,2007,9,F,INV,T,S,1.594
806,2007,9,F,INV,T,V,0.082
807,2007,10,A,INV,T,AST,11.99
808,2007,10,A,INV,T,ER,2.744
809,2007,10,A,INV,T,F1,0.073
810,2007,10,A,INV,T,G6,0.343
811,2007,10,A,INV,T,J,0.49
812,2007,10,A,INV,T,LA,0.174
813,2007,10,A,INV,T,M,12.65
814,2007,10,A,INV,T,NEA,0.158
815,2007,10,A,INV,T,PC,1.42
816,2007,10,A,INV,T,PV,0.064
817,2007,10,A,INV,T,S,1.065
818,2007,10,A,INV,T,S2,0.054
819,2007,10,B,INV,T,AST2,14.47
820,2007,10,B,INV,T,ER,0.101
821,2007,10,B,INV,T,F1,0.074
822,2007,10,B,INV,T,G5,0.001
823,2007,10,B,INV,T,J,0.076
824,2007,10,B,INV,T,LA,0.066
825,2007,10,B,INV,T,M,24.68
826,2007,10,B,INV,T,S,1.197
827,2007,10,B,INV,T,V,0.018
828,2007,10,C,INV,T,AST2,4.34
829,2007,10,C,INV,T,ER,1.34
830,2007,10,C,INV,T,F1,0.217
831,2007,10,C,INV,T,M,35.97
832,2007,10,C,INV,T,PC,3.055
833,2007,10,C,INV,T,S2,0.396
834,2007,10,D,INV,T,ER,0.778
835,2007,10,D,INV,T,F1,0.591
836,2007,10,D,INV,T,G1,0.072
837,2007,10,D,INV,T,G7,1.021
838,2007,10,D,INV,T,J,5.943
839,2007,10,D,INV,T,LA,0.182
840,2007,10,D,INV,T,M,22.1
841,2007,10,D,INV,T,MERC,0.292
842,2007,10,D,INV,T,OX,0.015
843,2007,10,D,INV,T,S,0.263
844,2007,10,D,INV,T,SEN,0.158
845,2007,10,D,INV,T,V,1.183
846,2007,10,E,INV,T,ER,2.133
847,2007,10,E,INV,T,F1,0.242
848,2007,10,E,INV,T,F11,0.355
849,2007,10,E,INV,T,G2,0.117
850,2007,10,E,INV,T,G3,0.097
851,2007,10,E,INV,T,G7,0.176
852,2007,10,E,INV,T,J,0.366
853,2007,10,E,INV,T,LA,4.723
854,2007,10,E,INV,T,M,27.52
855,2007,10,E,INV,T,MERC,0.1
856,2007,10,E,INV,T,OX,0.008
857,2007,10,E,INV,T,S,0.595
858,2007,10,E,INV,T,V,0.159
859,2007,10,F,INV,T,EV,1.957
860,2007,10,F,INV,T,F1,0.245
861,2007,10,F,INV,T,G2,0.002
862,2007,10,F,INV,T,G7,0.252
863,2007,10,F,INV,T,J,0.658
864,2007,10,F,INV,T,M,24.23
865,2007,10,F,INV,T,MERC,0.034
866,2007,10,F,INV,T,PAN,0.076
867,2007,10,F,INV,T,PV,0.02
868,2007,10,F,INV,T,S,1.85
869,2007,10,F,INV,T,SET,0.068
870,2007,10,F,INV,T,V,0.195
871,2007,11,A,INV,T,BOX,0.714
872,2007,11,A,INV,T,EV,2.478
873,2007,11,A,INV,T,F11,0.021
874,2007,11,A,INV,T,G1,0.154
875,2007,11,A,INV,T,G3,0.112
876,2007,11,A,INV,T,G5,0.105
877,2007,11,A,INV,T,G7,0.21
878,2007,11,A,INV,T,J,1.08
879,2007,11,A,INV,T,LA,5.676
880,2007,11,A,INV,T,M,0.752
881,2007,11,A,INV,T,S,1.661
882,2007,11,B,INV,T,ER,0.382
883,2007,11,B,INV,T,F1,0.003
884,2007,11,B,INV,T,F11,0.014
885,2007,11,B,INV,T,G1,0.062
886,2007,11,B,INV,T,G2,0.025
887,2007,11,B,INV,T,G3,0.084
888,2007,11,B,INV,T,G5,0.168
889,2007,11,B,INV,T,J,0.304
890,2007,11,B,INV,T,LA,2.37
891,2007,11,B,INV,T,M,10.32
892,2007,11,B,INV,T,MERC,0.118
893,2007,11,B,INV,T,S,2.917
894,2007,11,B,INV,T,V,0.136
895,2007,11,C,INV,T,BOX,0.643
896,2007,11,C,INV,T,F1,0.004
897,2007,11,C,INV,T,J,0.338
898,2007,11,C,INV,T,LA,6.21
899,2007,11,C,INV,T,M,29.3
900,2007,11,C,INV,T,S,1.094
901,2007,11,C,INV,T,S2,0.049
902,2007,11,C,INV,T,V,0.642
903,2007,11,D,INV,T,G3,0.16
904,2007,11,D,INV,T,J,0.155
905,2007,11,D,INV,T,LA,2.805
906,2007,11,D,INV,T,M,35.69
907,2007,11,D,INV,T,PC,0.119
908,2007,11,D,INV,T,S,0.432
909,2007,11,D,INV,T,V,1.881
910,2007,11,E,INV,T,EV,0.4
911,2007,11,E,INV,T,F11,0.028
912,2007,11,E,INV,T,F13,0.005
913,2007,11,E,INV,T,F27,9.93
914,2007,11,E,INV,T,G2,0.062
915,2007,11,E,INV,T,G3,0.171
916,2007,11,E,INV,T,J,0.067
917,2007,11,E,INV,T,LA,13.025
918,2007,11,E,INV,T,M,6.942
919,2007,11,E,INV,T,PT,0.827
920,2007,11,E,INV,T,S,3.3
921,2007,11,E,INV,T,S2,0.068
922,2007,11,E,INV,T,V,2.808
923,2007,11,F,INV,T,ER,0.13
924,2007,11,F,INV,T,F11,0.062
925,2007,11,F,INV,T,F26,0.806
926,2007,11,F,INV,T,J,1.014
927,2007,11,F,INV,T,LA,1.765
928,2007,11,F,INV,T,M,17.29
929,2007,11,F,INV,T,S,4.13
930,2007,11,F,INV,T,S2,0.641
931,2007,11,F,INV,T,SEN,1.464
932,2007,11,F,INV,T,V,1.375
933,2007,12,A,INV,T,BOX,0.209
934,2007,12,A,INV,T,ER,1.201
935,2007,12,A,INV,T,EUP,0.471
936,2007,12,A,INV,T,EV,1.34
937,2007,12,A,INV,T,G1,0.013
938,2007,12,A,INV,T,G12,0.581
939,2007,12,A,INV,T,G2,0.326
940,2007,12,A,INV,T,LA,1.087
941,2007,12,A,INV,T,M,17.17
942,2007,12,A,INV,T,PAN,1.028
943,2007,12,A,INV,T,PC,3.153
944,2007,12,A,INV,T,S,11.262
945,2007,12,A,INV,T,V,2.4
946,2007,12,B,INV,T,BOX,0.083
947,2007,12,B,INV,T,G4,0.07
948,2007,12,B,INV,T,LA,1.267
949,2007,12,B,INV,T,M,23.56
950,2007,12,B,INV,T,S,2.074
951,2007,12,B,INV,T,V,1.479
952,2007,12,C,INV,T,AST2,10.36
953,2007,12,C,INV,T,AST3,0.247
954,2007,12,C,INV,T,EV,0.696
955,2007,12,C,INV,T,F11,0.058
956,2007,12,C,INV,T,F3,0.018
957,2007,12,C,INV,T,G1,0.19
958,2007,12,C,INV,T,G12,0.196
959,2007,12,C,INV,T,G2,0.102
960,2007,12,C,INV,T,G6,0.243
961,2007,12,C,INV,T,G7,0.403
962,2007,12,C,INV,T,M,11.18
963,2007,12,C,INV,T,PAN,9.46
964,2007,12,C,INV,T,PASP,0.028
965,2007,12,C,INV,T,S,6.365
966,2007,12,C,INV,T,V,2.197
967,2007,12,D,INV,T,EV,0.547
968,2007,12,D,INV,T,F3,0.084
969,2007,12,D,INV,T,G1,0.149
970,2007,12,D,INV,T,G2,0.419
971,2007,12,D,INV,T,G5,0.035
972,2007,12,D,INV,T,GEUM,0.111
973,2007,12,D,INV,T,M,6.9
974,2007,12,D,INV,T,PAN,0.83
975,2007,12,D,INV,T,PC,7.392
976,2007,12,D,INV,T,PT,3.002
977,2007,12,D,INV,T,S,5.76
978,2007,12,D,INV,T,SOL1,1.376
979,2007,12,D,INV,T,TUL,0.123
980,2007,12,D,INV,T,V,0.744
981,2007,12,E,INV,T,BOX,0.321
982,2007,12,E,INV,T,EV,0.074
983,2007,12,E,INV,T,F1,0.025
984,2007,12,E,INV,T,F2 ,0.012
985,2007,12,E,INV,T,G12,2.367
986,2007,12,E,INV,T,G2,0.571
987,2007,12,E,INV,T,G7,0.896
988,2007,12,E,INV,T,HPASP,0.582
989,2007,12,E,INV,T,M,8.93
990,2007,12,E,INV,T,PAN,2.189
991,2007,12,E,INV,T,PASP,0.349
992,2007,12,E,INV,T,PL,0.018
993,2007,12,E,INV,T,S,4.951
994,2007,12,E,INV,T,V,2.658
995,2007,12,F,INV,T,BOX,0.509
996,2007,12,F,INV,T,F13,0.738
997,2007,12,F,INV,T,G1,0.123
998,2007,12,F,INV,T,G7,0.137
999,2007,12,F,INV,T,LA,3.064
1000,2007,12,F,INV,T,M,10.74
1001,2007,12,F,INV,T,PAN,4.13
1002,2007,12,F,INV,T,PASP,0.014
1003,2007,12,F,INV,T,PV,0.162
1004,2007,12,F,INV,T,S,7.361
1005,2007,12,F,INV,T,V,3.851
1006,2007,13,A,INV,T,EV,0.205
1007,2007,13,A,INV,T,G7,0.025
1008,2007,13,A,INV,T,M,35.44
1009,2007,13,A,INV,T,V,2.012
1010,2007,13,B,INV,T,G1 ,0.014
1011,2007,13,B,INV,T,LA,0.277
1012,2007,13,B,INV,T,M,63.78
1013,2007,13,B,INV,T,S,0.309
1014,2007,13,B,INV,T,V,1.609
1015,2007,13,C,INV,T,BOX,0.792
1016,2007,13,C,INV,T,J,0.233
1017,2007,13,C,INV,T,M,35.83
1018,2007,13,C,INV,T,S,0.279
1019,2007,13,C,INV,T,V,2.081
1020,2007,13,D,INV,T,G2,0.039
1021,2007,13,D,INV,T,M,62.51
1022,2007,13,D,INV,T,S,0.204
1023,2007,13,D,INV,T,V,1.578
1024,2007,13,E,INV,T,M,46.94
1025,2007,13,E,INV,T,S,0.169
1026,2007,13,E,INV,T,V,2.554
1027,2007,13,F,INV,T,M,26.58
1028,2007,13,F,INV,T,S,0.08
1029,2007,13,F,INV,T,V,1.013
1030,2007,14,A,INV,T,EV,4.882
1031,2007,14,A,INV,T,F1,0.007
1032,2007,14,A,INV,T,G3,0.094
1033,2007,14,A,INV,T,G5,0.019
1034,2007,14,A,INV,T,HAST,19.37
1035,2007,14,A,INV,T,J,0.35
1036,2007,14,A,INV,T,LA,1.256
1037,2007,14,A,INV,T,M,3.72
1038,2007,14,A,INV,T,PAN,0.2
1039,2007,14,A,INV,T,PV,0.582
1040,2007,14,A,INV,T,S,7.287
1041,2007,14,A,INV,T,S2,0.112
1042,2007,14,A,INV,T,SOL2,8.74
1043,2007,14,A,INV,T,V,1.068
1044,2007,14,B,INV,T,BOX,0.181
1045,2007,14,B,INV,T,EV,2.09
1046,2007,14,B,INV,T,F1,0.015
1047,2007,14,B,INV,T,F11,0.013
1048,2007,14,B,INV,T,F18,1.365
1049,2007,14,B,INV,T,G7,0.027
1050,2007,14,B,INV,T,J,0.477
1051,2007,14,B,INV,T,M,13.946
1052,2007,14,B,INV,T,POLY,0.077
1053,2007,14,B,INV,T,S,2.934
1054,2007,14,B,INV,T,SET,0.007
1055,2007,14,B,INV,T,V,4.478
1056,2007,14,C,INV,T,ER,0.039
1057,2007,14,C,INV,T,F1,0.077
1058,2007,14,C,INV,T,J,1.079
1059,2007,14,C,INV,T,M,9.716
1060,2007,14,C,INV,T,MERC,0.007
1061,2007,14,C,INV,T,PAN,0.069
1062,2007,14,C,INV,T,POLY,0.03
1063,2007,14,C,INV,T,S,2.887
1064,2007,14,C,INV,T,SOL1,33.87
1065,2007,14,C,INV,T,STJ,0.008
1066,2007,14,C,INV,T,V,0.826
1067,2007,14,D,INV,T,F1 ,0.034
1068,2007,14,D,INV,T,G1,0.01
1069,2007,14,D,INV,T,G2,0.711
1070,2007,14,D,INV,T,G3,0.039
1071,2007,14,D,INV,T,HPOLY,0.027
1072,2007,14,D,INV,T,J,2.069
1073,2007,14,D,INV,T,M,12.37
1074,2007,14,D,INV,T,MERC,0.008
1075,2007,14,D,INV,T,PAN,0.073
1076,2007,14,D,INV,T,S,9.226
1077,2007,14,D,INV,T,S2,0.187
1078,2007,14,D,INV,T,V,4.295
1079,2007,14,E,INV,T,ASH,0.017
1080,2007,14,E,INV,T,AST2,17.8
1081,2007,14,E,INV,T,ER,0.025
1082,2007,14,E,INV,T,G7,0.119
1083,2007,14,E,INV,T,J,0.778
1084,2007,14,E,INV,T,LA,0.612
1085,2007,14,E,INV,T,M,8.473
1086,2007,14,E,INV,T,MERC,0.015
1087,2007,14,E,INV,T,S,8.822
1088,2007,14,E,INV,T,V,3.679
1089,2007,14,F,INV,T,AST,14.89
1090,2007,14,F,INV,T,EV,0.46
1091,2007,14,F,INV,T,F1,0.021
1092,2007,14,F,INV,T,F11,0.022
1093,2007,14,F,INV,T,F3,0.032
1094,2007,14,F,INV,T,G7,0.047
1095,2007,14,F,INV,T,J,2.849
1096,2007,14,F,INV,T,LA,0.066
1097,2007,14,F,INV,T,M,5.42
1098,2007,14,F,INV,T,PAN,2.242
1099,2007,14,F,INV,T,S,3.504
1100,2007,14,F,INV,T,SOL1,6.96
1101,2007,14,F,INV,T,V,0.403
1102,2007,15,A,INV,T,BOX,0.07
1103,2007,15,A,INV,T,ER,0.216
1104,2007,15,A,INV,T,F1,0.005
1105,2007,15,A,INV,T,F3,0.011
1106,2007,15,A,INV,T,F4,0.136
1107,2007,15,A,INV,T,F6,1.43
1108,2007,15,A,INV,T,G7,0.182
1109,2007,15,A,INV,T,J,0.19
1110,2007,15,A,INV,T,LA,1.325
1111,2007,15,A,INV,T,M,21.2
1112,2007,15,A,INV,T,MERC,0.973
1113,2007,15,A,INV,T,PAN,3.68
1114,2007,15,A,INV,T,PC,0.076
1115,2007,15,A,INV,T,PV,0.006
1116,2007,15,A,INV,T,S,4.026
1117,2007,15,A,INV,T,V,0.556
1118,2007,15,B,INV,T,ASC,1.627
1119,2007,15,B,INV,T,ER,1.937
1120,2007,15,B,INV,T,F14,0.063
1121,2007,15,B,INV,T,G1,0.042
1122,2007,15,B,INV,T,G2,0.423
1123,2007,15,B,INV,T,G5,0.038
1124,2007,15,B,INV,T,G7,0.33
1125,2007,15,B,INV,T,LA,0.31
1126,2007,15,B,INV,T,M,14.525
1127,2007,15,B,INV,T,PAN,10.225
1128,2007,15,B,INV,T,PASP,2.73
1129,2007,15,B,INV,T,PV,0.59
1130,2007,15,B,INV,T,S,2.292
1131,2007,15,B,INV,T,SET,0.04
1132,2007,15,B,INV,T,V,0.211
1133,2007,15,C,INV,T,AST ,40.66
1134,2007,15,C,INV,T,BOX,0.243
1135,2007,15,C,INV,T,CORNUS,0.343
1136,2007,15,C,INV,T,ER,5.1
1137,2007,15,C,INV,T,G7,0.072
1138,2007,15,C,INV,T,J,0.06
1139,2007,15,C,INV,T,M,25.19
1140,2007,15,C,INV,T,PAN,4.796
1141,2007,15,C,INV,T,PC,1.997
1142,2007,15,C,INV,T,S,3.322
1143,2007,15,C,INV,T,V,0.947
1144,2007,15,D,INV,T,BOX,0.463
1145,2007,15,D,INV,T,F11,0.019
1146,2007,15,D,INV,T,G1,0.044
1147,2007,15,D,INV,T,G12,0.475
1148,2007,15,D,INV,T,G7,0.33
1149,2007,15,D,INV,T,M,27.19
1150,2007,15,D,INV,T,PAN,5.321
1151,2007,15,D,INV,T,PASP,0.555
1152,2007,15,D,INV,T,PC,0.535
1153,2007,15,D,INV,T,S,2.995
1154,2007,15,D,INV,T,S2,0.142
1155,2007,15,D,INV,T,TUL,0.012
1156,2007,15,D,INV,T,V,2.25
1157,2007,15,E,INV,T,AMB,0.422
1158,2007,15,E,INV,T,BOX,0.454
1159,2007,15,E,INV,T,EV,3.035
1160,2007,15,E,INV,T,J,0.311
1161,2007,15,E,INV,T,M,29.93
1162,2007,15,E,INV,T,OX,0.011
1163,2007,15,E,INV,T,PAN,3.06
1164,2007,15,E,INV,T,S,4.456
1165,2007,15,E,INV,T,S2,0.565
1166,2007,15,E,INV,T,SOLAN,1.327
1167,2007,15,E,INV,T,V,2.351
1168,2007,15,E,INV,T,VIT,0.351
1169,2007,15,F,INV,T,BOX,0.179
1170,2007,15,F,INV,T,ER,1.561
1171,2007,15,F,INV,T,M,28.4
1172,2007,15,F,INV,T,ROSE,0.092
1173,2007,15,F,INV,T,S,0.654
1174,2007,15,F,INV,T,V,0.164
1175,2007,16,A,INV,T,G3,0.012
1176,2007,16,A,INV,T,M,13.44
1177,2007,16,B,INV,T,BOX,0.264
1178,2007,16,B,INV,T,G3,0.033
1179,2007,16,B,INV,T,HPOLY,1.017
1180,2007,16,B,INV,T,LN,0.396
1181,2007,16,B,INV,T,M,30.04
1182,2007,16,B,INV,T,S,0.165
1183,2007,16,B,INV,T,V,0.003
1184,2007,16,C,INV,T,EV,0.856
1185,2007,16,C,INV,T,F11,0.037
1186,2007,16,C,INV,T,M,10.558
1187,2007,16,C,INV,T,MERC,0.054
1188,2007,16,C,INV,T,POLY,0.117
1189,2007,16,C,INV,T,S,0.347
1190,2007,16,D,INV,T,BOX,0.376
1191,2007,16,D,INV,T,G3,0.032
1192,2007,16,D,INV,T,HORSE,3.402
1193,2007,16,D,INV,T,LN,0.2
1194,2007,16,D,INV,T,M,13.585
1195,2007,16,D,INV,T,MERC,0.261
1196,2007,16,D,INV,T,POLY,1.125
1197,2007,16,D,INV,T,S,0.132
1198,2007,16,D,INV,T,SEN,0.512
1199,2007,16,D,INV,T,V,0.031
1200,2007,16,E,INV,T,HSOL,0.28
1201,2007,16,E,INV,T,M,14.28
1202,2007,16,E,INV,T,MERC,0.549
1203,2007,16,E,INV,T,POLY,10.61
1204,2007,16,E,INV,T,V,0.024
1205,2007,16,F,INV,T,BOX,0.236
1206,2007,16,F,INV,T,J,0.067
1207,2007,16,F,INV,T,M,20.91
1208,2007,16,F,INV,T,MERC,0.12
1209,2007,16,F,INV,T,S,0.399
1210,2007,17,A,UN,S,BOX,0.276
1211,2007,17,A,UN,S,EV,3.063
1212,2007,17,A,UN,S,F17,0.01
1213,2007,17,A,UN,S,F25,0.44
1214,2007,17,A,UN,S,F3,0.032
1215,2007,17,A,UN,S,G2,0.594
1216,2007,17,A,UN,S,G7,0.086
1217,2007,17,A,UN,S,HPASP,2.155
1218,2007,17,A,UN,S,J,0.384
1219,2007,17,A,UN,S,LA,1.289
1220,2007,17,A,UN,S,MERC,0.005
1221,2007,17,A,UN,S,PAN,6.419
1222,2007,17,A,UN,S,PASP,0.612
1223,2007,17,A,UN,S,PL,0.353
1224,2007,17,A,UN,S,PT,1.05
1225,2007,17,A,UN,S,PV,0.926
1226,2007,17,A,UN,S,S,4.408
1227,2007,17,A,UN,S,S2,0.148
1228,2007,17,A,UN,S,V,0.352
1229,2007,17,B,UN,S,EV,0.676
1230,2007,17,B,UN,S,F11,0.014
1231,2007,17,B,UN,S,G2,0.007
1232,2007,17,B,UN,S,HPASP,1.074
1233,2007,17,B,UN,S,J,0.107
1234,2007,17,B,UN,S,LA,2.409
1235,2007,17,B,UN,S,MERC,0.479
1236,2007,17,B,UN,S,PAN,1.202
1237,2007,17,B,UN,S,PASP,2.683
1238,2007,17,B,UN,S,PC,0.152
1239,2007,17,B,UN,S,PL,0.068
1240,2007,17,B,UN,S,PT,7.028
1241,2007,17,B,UN,S,S,2.579
1242,2007,17,B,UN,S,S2,0.041
1243,2007,17,B,UN,S,V,0.524
1244,2007,17,C,UN,S,BOX,0.127
1245,2007,17,C,UN,S,EV,1.144
1246,2007,17,C,UN,S,F3,0.012
1247,2007,17,C,UN,S,G2,0.352
1248,2007,17,C,UN,S,HPASP,3.583
1249,2007,17,C,UN,S,J,0.171
1250,2007,17,C,UN,S,MERC,0.011
1251,2007,17,C,UN,S,PAN,4.518
1252,2007,17,C,UN,S,PASP,12.991
1253,2007,17,C,UN,S,PL,0.463
1254,2007,17,C,UN,S,PT,1.354
1255,2007,17,C,UN,S,QUEEN ANNES..,11.28
1256,2007,17,C,UN,S,S,4.757
1257,2007,17,C,UN,S,STJ,0.033
1258,2007,17,C,UN,S,V,0.507
1259,2007,17,D,UN,S,BOX,0.079
1260,2007,17,D,UN,S,ER,0.068
1261,2007,17,D,UN,S,F1,0.011
1262,2007,17,D,UN,S,F3,0.076
1263,2007,17,D,UN,S,G12,0.889
1264,2007,17,D,UN,S,G2,0.177
1265,2007,17,D,UN,S,G7,0.445
1266,2007,17,D,UN,S,HPASP,4.611
1267,2007,17,D,UN,S,J,0.058
1268,2007,17,D,UN,S,LA,6.165
1269,2007,17,D,UN,S,PAN,8.26
1270,2007,17,D,UN,S,PL,1.085
1271,2007,17,D,UN,S,PLANT,0.028
1272,2007,17,D,UN,S,PT,1.922
1273,2007,17,D,UN,S,PV,1.4
1274,2007,17,D,UN,S,S,2.531
1275,2007,17,D,UN,S,S2,0.022
1276,2007,17,D,UN,S,SWT,0.112
1277,2007,17,D,UN,S,TR,0.023
1278,2007,17,D,UN,S,V,0.263
1279,2007,17,E,UN,S,AST2,6.45
1280,2007,17,E,UN,S,ER,0.758
1281,2007,17,E,UN,S,F17,0.013
1282,2007,17,E,UN,S,F21,0.171
1283,2007,17,E,UN,S,G7,0.262
1284,2007,17,E,UN,S,HPASP,3.411
1285,2007,17,E,UN,S,HSOL,0.773
1286,2007,17,E,UN,S,J,0.226
1287,2007,17,E,UN,S,LA,3.601
1288,2007,17,E,UN,S,MERC,0.008
1289,2007,17,E,UN,S,PAN,7.244
1290,2007,17,E,UN,S,PASP,5.172
1291,2007,17,E,UN,S,PL,0.119
1292,2007,17,E,UN,S,PT,1.919
1293,2007,17,E,UN,S,S,3.182
1294,2007,17,E,UN,S,STJ,0.057
1295,2007,17,E,UN,S,V,0.367
1296,2007,17,F,UN,S,G5,0.167
1297,2007,17,F,UN,S,G8,6.417
1298,2007,17,F,UN,S,HPASP,1.309
1299,2007,17,F,UN,S,J,0.105
1300,2007,17,F,UN,S,LA,6.796
1301,2007,17,F,UN,S,PAN,2.614
1302,2007,17,F,UN,S,PC,0.867
1303,2007,17,F,UN,S,PL,0.208
1304,2007,17,F,UN,S,PT,5.857
1305,2007,17,F,UN,S,S,2.725
1306,2007,17,F,UN,S,V,0.583
1307,2007,18,A,UN,S,BOX,0.466
1308,2007,18,A,UN,S,ER,0.106
1309,2007,18,A,UN,S,G1,0.008
1310,2007,18,A,UN,S,G3,1.105
1311,2007,18,A,UN,S,LA,1.51
1312,2007,18,A,UN,S,OX,0.872
1313,2007,18,A,UN,S,PASP,1.728
1314,2007,18,A,UN,S,PP,0.031
1315,2007,18,A,UN,S,S,2.718
1316,2007,18,A,UN,S,S2,0.486
1317,2007,18,A,UN,S,V,5.033
1318,2007,18,B,UN,S,BOX,1.406
1319,2007,18,B,UN,S,ER,1.627
1320,2007,18,B,UN,S,EV,0.832
1321,2007,18,B,UN,S,G1,0.17
1322,2007,18,B,UN,S,G3,1.565
1323,2007,18,B,UN,S,G7,0.335
1324,2007,18,B,UN,S,OX,2.521
1325,2007,18,B,UN,S,S,3.364
1326,2007,18,B,UN,S,S2,0.716
1327,2007,18,B,UN,S,V,3.738
1328,2007,18,C,UN,S,BOX,5.371
1329,2007,18,C,UN,S,ER,0.29
1330,2007,18,C,UN,S,EV,9.173
1331,2007,18,C,UN,S,F11,0.02
1332,2007,18,C,UN,S,G3,0.318
1333,2007,18,C,UN,S,G5,0.088
1334,2007,18,C,UN,S,G7,1.384
1335,2007,18,C,UN,S,HPASP,0.285
1336,2007,18,C,UN,S,J,0.182
1337,2007,18,C,UN,S,OX,0.355
1338,2007,18,C,UN,S,PASP,1.043
1339,2007,18,C,UN,S,PC,0.354
1340,2007,18,C,UN,S,PT,33.21
1341,2007,18,C,UN,S,S,2.214
1342,2007,18,C,UN,S,S2,0.029
1343,2007,18,C,UN,S,SEN,1.988
1344,2007,18,C,UN,S,SWT,1.345
1345,2007,18,C,UN,S,V,1.311
1346,2007,18,D,UN,S,BOX,0.88
1347,2007,18,D,UN,S,EV,17.5
1348,2007,18,D,UN,S,G3,0.108
1349,2007,18,D,UN,S,G5,0.016
1350,2007,18,D,UN,S,HPASP,0.151
1351,2007,18,D,UN,S,J,0.292
1352,2007,18,D,UN,S,OX,0.028
1353,2007,18,D,UN,S,PASP,0.561
1354,2007,18,D,UN,S,PP,0.028
1355,2007,18,D,UN,S,PT,20.29
1356,2007,18,D,UN,S,S,1.094
1357,2007,18,D,UN,S,S2,0.47
1358,2007,18,D,UN,S,SEN,1.319
1359,2007,18,D,UN,S,SWT,0.828
1360,2007,18,D,UN,S,TPASP,0.425
1361,2007,18,D,UN,S,V,0.108
1362,2007,18,E,UN,S,ASH,0.309
1363,2007,18,E,UN,S,BOX,1.846
1364,2007,18,E,UN,S,EV,5.37
1365,2007,18,E,UN,S,G1,0.089
1366,2007,18,E,UN,S,G3,0.369
1367,2007,18,E,UN,S,G5,0.008
1368,2007,18,E,UN,S,OX,1.31
1369,2007,18,E,UN,S,PP,0.009
1370,2007,18,E,UN,S,PT,7.983
1371,2007,18,E,UN,S,S,2.592
1372,2007,18,E,UN,S,S2,0.206
1373,2007,18,E,UN,S,TPASP,1.276
1374,2007,18,E,UN,S,V,4.115
1375,2007,19,A,UN,S,ER,2.242
1376,2007,19,A,UN,S,EV,12.32
1377,2007,19,A,UN,S,F17,0.036
1378,2007,19,A,UN,S,F25,1.322
1379,2007,19,A,UN,S,G3,0.057
1380,2007,19,A,UN,S,HPASP,0.205
1381,2007,19,A,UN,S,J,6.546
1382,2007,19,A,UN,S,LN,0.219
1383,2007,19,A,UN,S,PAN,0.005
1384,2007,19,A,UN,S,PV,0.023
1385,2007,19,A,UN,S,S,0.104
1386,2007,19,A,UN,S,S2,0.623
1387,2007,19,A,UN,S,SET,0.022
1388,2007,19,A,UN,S,SOL1,2.294
1389,2007,19,B,UN,S,AST,15.15
1390,2007,19,B,UN,S,BOX,0.053
1391,2007,19,B,UN,S,ER,0.983
1392,2007,19,B,UN,S,EV,0.273
1393,2007,19,B,UN,S,G2,0.078
1394,2007,19,B,UN,S,G3,0.097
1395,2007,19,B,UN,S,G5,0.019
1396,2007,19,B,UN,S,G7,0.134
1397,2007,19,B,UN,S,HPASP,0.223
1398,2007,19,B,UN,S,J,1.784
1399,2007,19,B,UN,S,OX,0.029
1400,2007,19,B,UN,S,PAN,1.874
1401,2007,19,B,UN,S,PV,0.059
1402,2007,19,B,UN,S,S,3.604
1403,2007,19,B,UN,S,S2,0.984
1404,2007,19,B,UN,S,SET,0.468
1405,2007,19,B,UN,S,V,0.716
1406,2007,19,C,UN,S,AST2,3.914
1407,2007,19,C,UN,S,BPASP,1.635
1408,2007,19,C,UN,S,CORNUS,0.277
1409,2007,19,C,UN,S,EUP,92.08
1410,2007,19,C,UN,S,EV,0.215
1411,2007,19,C,UN,S,F1,0.012
1412,2007,19,C,UN,S,F18,1.323
1413,2007,19,C,UN,S,F22,10.18
1414,2007,19,C,UN,S,G14,0.35
1415,2007,19,C,UN,S,G3,1.179
1416,2007,19,C,UN,S,G5,0.031
1417,2007,19,C,UN,S,HPASP,0.116
1418,2007,19,C,UN,S,J,3.125
1419,2007,19,C,UN,S,PAN,0.22
1420,2007,19,C,UN,S,S,0.634
1421,2007,19,C,UN,S,S2,1.749
1422,2007,19,C,UN,S,SET,0.204
1423,2007,19,D,UN,S,ER,0.615
1424,2007,19,D,UN,S,F25,1.57
1425,2007,19,D,UN,S,F26,10.62
1426,2007,19,D,UN,S,G3,0.452
1427,2007,19,D,UN,S,J,1.742
1428,2007,19,D,UN,S,MERC,0.42
1429,2007,19,D,UN,S,S2,0.21
1430,2007,19,D,UN,S,SET,1.844
1431,2007,19,E,UN,S,AST2,36
1432,2007,19,E,UN,S,F18,1.001
1433,2007,19,E,UN,S,G13,0.271
1434,2007,19,E,UN,S,G3,1.102
1435,2007,19,E,UN,S,J,2.388
1436,2007,19,E,UN,S,LN,0.022
1437,2007,19,E,UN,S,MERC,1.009
1438,2007,19,E,UN,S,S,0.183
1439,2007,19,F,UN,S,ER,4.778
1440,2007,19,F,UN,S,EV,0.899
1441,2007,19,F,UN,S,F18,13.28
1442,2007,19,F,UN,S,F23,4.213
1443,2007,19,F,UN,S,J,3.152
1444,2007,19,F,UN,S,LN,0.052
1445,2007,19,F,UN,S,PAN,0.539
1446,2007,19,F,UN,S,PV,0.007
1447,2007,19,F,UN,S,S,0.652
1448,2007,19,F,UN,S,STJ,0.054
1449,2007,20,A,UN,S,BOX,4.635
1450,2007,20,A,UN,S,EV,0.145
1451,2007,20,A,UN,S,G1,0.079
1452,2007,20,A,UN,S,G13,1.634
1453,2007,20,A,UN,S,G7,0.082
1454,2007,20,A,UN,S,HPASP,0.144
1455,2007,20,A,UN,S,LA,0.365
1456,2007,20,A,UN,S,PASP,5.374
1457,2007,20,A,UN,S,PT,1.372
1458,2007,20,A,UN,S,PV,0.025
1459,2007,20,A,UN,S,S,1.004
1460,2007,20,A,UN,S,VIT,0.159
1461,2007,20,B,UN,S,AST2,3.563
1462,2007,20,B,UN,S,BOX,3.703
1463,2007,20,B,UN,S,G5,0.016
1464,2007,20,B,UN,S,J,0.041
1465,2007,20,B,UN,S,PASP,0.032
1466,2007,20,B,UN,S,PT,0.944
1467,2007,20,B,UN,S,PV,0.066
1468,2007,20,B,UN,S,S,2.834
1469,2007,20,B,UN,S,V,2.965
1470,2007,20,C,UN,S,ER,0.614
1471,2007,20,C,UN,S,G1,0.029
1472,2007,20,C,UN,S,LA,0.457
1473,2007,20,C,UN,S,S,6.262
1474,2007,20,C,UN,S,V,6.582
1475,2007,20,D,UN,S,ER,0.172
1476,2007,20,D,UN,S,G12,1.04
1477,2007,20,D,UN,S,G5,0.425
1478,2007,20,D,UN,S,G7,0.239
1479,2007,20,D,UN,S,J,0.395
1480,2007,20,D,UN,S,PAN,0.016
1481,2007,20,D,UN,S,POLY,0.01
1482,2007,20,D,UN,S,PV,0.009
1483,2007,20,D,UN,S,S,6.097
1484,2007,20,D,UN,S,S2,0.269
1485,2007,20,D,UN,S,SEN,4.84
1486,2007,20,D,UN,S,SWT,1.313
1487,2007,20,D,UN,S,V,0.766
1488,2007,20,E,UN,S,AST2,1.179
1489,2007,20,E,UN,S,BOX,1.235
1490,2007,20,E,UN,S,ER,0.522
1491,2007,20,E,UN,S,EV,6.257
1492,2007,20,E,UN,S,F15,0.145
1493,2007,20,E,UN,S,F23,2.83
1494,2007,20,E,UN,S,F3,0.039
1495,2007,20,E,UN,S,G1,0.148
1496,2007,20,E,UN,S,G2,0.306
1497,2007,20,E,UN,S,G5,1.477
1498,2007,20,E,UN,S,G7,0.194
1499,2007,20,E,UN,S,HPASP,1.478
1500,2007,20,E,UN,S,MERC,0.043
1501,2007,20,E,UN,S,PASP,1.848
1502,2007,20,E,UN,S,PC,1.025
1503,2007,20,E,UN,S,PT,4.086
1504,2007,20,E,UN,S,PV,1.946
1505,2007,20,E,UN,S,S,2.89
1506,2007,20,E,UN,S,S2,0.048
1507,2007,20,E,UN,S,SET,0.164
1508,2007,20,E,UN,S,STJ,0.716
1509,2007,20,E,UN,S,V,0.991
1510,2007,20,F,UN,S,BOX,3.984
1511,2007,20,F,UN,S,BUSH HONEY SUC.,2.531
1512,2007,20,F,UN,S,F23,1.109
1513,2007,20,F,UN,S,G1,0.068
1514,2007,20,F,UN,S,G2,0.264
1515,2007,20,F,UN,S,HPASP,0.184
1516,2007,20,F,UN,S,LA,1.771
1517,2007,20,F,UN,S,PQ,0.1
1518,2007,20,F,UN,S,S,1.655
1519,2007,20,F,UN,S,V,1.681
1520,2007,21,A,UN,S,AST,2.358
1521,2007,21,A,UN,S,AST2,9.151
1522,2007,21,A,UN,S,ER,2.719
1523,2007,21,A,UN,S,EV,1.001
1524,2007,21,A,UN,S,F1,0.053
1525,2007,21,A,UN,S,F16,0.387
1526,2007,21,A,UN,S,F3,0.015
1527,2007,21,A,UN,S,G5,0.011
1528,2007,21,A,UN,S,G7,0.29
1529,2007,21,A,UN,S,J,0.104
1530,2007,21,A,UN,S,LA,0.093
1531,2007,21,A,UN,S,MERC,0.017
1532,2007,21,A,UN,S,PAN,2.086
1533,2007,21,A,UN,S,PC,0.333
1534,2007,21,A,UN,S,PL,0.292
1535,2007,21,A,UN,S,PT,1.399
1536,2007,21,A,UN,S,PV,0.016
1537,2007,21,A,UN,S,S,5.34
1538,2007,21,A,UN,S,SOL1,0.113
1539,2007,21,A,UN,S,V,1.562
1540,2007,21,B,UN,S,ER,0.58
1541,2007,21,B,UN,S,F22,45.45
1542,2007,21,B,UN,S,F3,0.033
1543,2007,21,B,UN,S,G7,0.121
1544,2007,21,B,UN,S,HPASP,0.327
1545,2007,21,B,UN,S,J,0.072
1546,2007,21,B,UN,S,LA,0.809
1547,2007,21,B,UN,S,PAN,6.486
1548,2007,21,B,UN,S,PASP,3.037
1549,2007,21,B,UN,S,PC,0.714
1550,2007,21,B,UN,S,PT,2.658
1551,2007,21,B,UN,S,PV,0.006
1552,2007,21,B,UN,S,S,9.09
1553,2007,21,B,UN,S,S2,0.069
1554,2007,21,B,UN,S,SET,0.012
1555,2007,21,B,UN,S,V,1.79
1556,2007,21,C,UN,S,AST2,1.653
1557,2007,21,C,UN,S,BOX,1.279
1558,2007,21,C,UN,S,ER,0.702
1559,2007,21,C,UN,S,EV,7.344
1560,2007,21,C,UN,S,F1,0.025
1561,2007,21,C,UN,S,F17,0.074
1562,2007,21,C,UN,S,F21,0.023
1563,2007,21,C,UN,S,G2,0.03
1564,2007,21,C,UN,S,J,0.172
1565,2007,21,C,UN,S,PAN,2.014
1566,2007,21,C,UN,S,POLY,0.164
1567,2007,21,C,UN,S,PT,0.427
1568,2007,21,C,UN,S,PV,0.521
1569,2007,21,C,UN,S,S,7.273
1570,2007,21,C,UN,S,SWT,0.158
1571,2007,21,C,UN,S,V,1.201
1572,2007,21,D,UN,S,BOX,0.136
1573,2007,21,D,UN,S,ER,2.452
1574,2007,21,D,UN,S,EV,0.407
1575,2007,21,D,UN,S,F23,0.382
1576,2007,21,D,UN,S,F4,0.209
1577,2007,21,D,UN,S,G5,0.037
1578,2007,21,D,UN,S,HAST,0.777
1579,2007,21,D,UN,S,J,0.267
1580,2007,21,D,UN,S,LA,0.384
1581,2007,21,D,UN,S,PAN,3.845
1582,2007,21,D,UN,S,PASP,5.06
1583,2007,21,D,UN,S,PC,1.223
1584,2007,21,D,UN,S,PT,1.163
1585,2007,21,D,UN,S,PV,0.049
1586,2007,21,D,UN,S,S,2.127
1587,2007,21,D,UN,S,V,0.588
1588,2007,21,E,UN,S,AMB,0.425
1589,2007,21,E,UN,S,AST,0.39
1590,2007,21,E,UN,S,AST3,1.62
1591,2007,21,E,UN,S,ER,0.058
1592,2007,21,E,UN,S,F1,0.071
1593,2007,21,E,UN,S,F17,0.018
1594,2007,21,E,UN,S,F3,0.025
1595,2007,21,E,UN,S,F4,0.544
1596,2007,21,E,UN,S,G1,0.027
1597,2007,21,E,UN,S,G5,0.034
1598,2007,21,E,UN,S,HPASP,1.15
1599,2007,21,E,UN,S,LA,4.735
1600,2007,21,E,UN,S,PAN,6.244
1601,2007,21,E,UN,S,PASP,5.326
1602,2007,21,E,UN,S,PC,0.326
1603,2007,21,E,UN,S,PT,1.87
1604,2007,21,E,UN,S,PV,0.029
1605,2007,21,E,UN,S,S,0.715
1606,2007,21,E,UN,S,S2,0.022
1607,2007,21,E,UN,S,V,0.376
1608,2007,21,F,UN,S,BOX,0.171
1609,2007,21,F,UN,S,F1,0.007
1610,2007,21,F,UN,S,F17,0.2
1611,2007,21,F,UN,S,F21,0.019
1612,2007,21,F,UN,S,F3,0.032
1613,2007,21,F,UN,S,G5,0.038
1614,2007,21,F,UN,S,HAST,13.5
1615,2007,21,F,UN,S,HPASP,1.072
1616,2007,21,F,UN,S,HSOL,0.39
1617,2007,21,F,UN,S,J,0.114
1618,2007,21,F,UN,S,LA,4.461
1619,2007,21,F,UN,S,MERC,0.02
1620,2007,21,F,UN,S,PAN,5.04
1621,2007,21,F,UN,S,PASP,1.591
1622,2007,21,F,UN,S,PT,3.678
1623,2007,21,F,UN,S,PV,0.033
1624,2007,21,F,UN,S,S,1.496
1625,2007,21,F,UN,S,S2,0.252
1626,2007,21,F,UN,S,SOL2,10.045
1627,2007,21,F,UN,S,V,0.48
1628,2007,22,A,UN,S,BOX,0.568
1629,2007,22,A,UN,S,EV,5.13
1630,2007,22,A,UN,S,F1,0.033
1631,2007,22,A,UN,S,F15,0.334
1632,2007,22,A,UN,S,G2,0.033
1633,2007,22,A,UN,S,G5,0.034
1634,2007,22,A,UN,S,G7,0.36
1635,2007,22,A,UN,S,HPASP,0.159
1636,2007,22,A,UN,S,J,0.206
1637,2007,22,A,UN,S,PAN,11.33
1638,2007,22,A,UN,S,PASP,0.571
1639,2007,22,A,UN,S,PL,0.13
1640,2007,22,A,UN,S,PT,4.974
1641,2007,22,A,UN,S,S,3.083
1642,2007,22,A,UN,S,SWT,1.383
1643,2007,22,A,UN,S,V,0.672
1644,2007,22,B,UN,S,AST2,3.695
1645,2007,22,B,UN,S,ER,0.066
1646,2007,22,B,UN,S,EV,5.446
1647,2007,22,B,UN,S,F17,0.036
1648,2007,22,B,UN,S,F23,0.055
1649,2007,22,B,UN,S,F3,0.025
1650,2007,22,B,UN,S,G2,0.2
1651,2007,22,B,UN,S,HPASP,0.341
1652,2007,22,B,UN,S,J,0.076
1653,2007,22,B,UN,S,LA,0.554
1654,2007,22,B,UN,S,PAN,5
1655,2007,22,B,UN,S,PASP,0.996
1656,2007,22,B,UN,S,PT,4.638
1657,2007,22,B,UN,S,S,1.794
1658,2007,22,B,UN,S,SEN,1.787
1659,2007,22,B,UN,S,V,0.205
1660,2007,22,C,UN,S,AST2,1.044
1661,2007,22,C,UN,S,BOX,0.76
1662,2007,22,C,UN,S,EUP,0.392
1663,2007,22,C,UN,S,EV,3.355
1664,2007,22,C,UN,S,F17,0.178
1665,2007,22,C,UN,S,G1,0.059
1666,2007,22,C,UN,S,G3,0.674
1667,2007,22,C,UN,S,G5,0.445
1668,2007,22,C,UN,S,HPASP,0.33
1669,2007,22,C,UN,S,MERC,0.004
1670,2007,22,C,UN,S,PAN,2.702
1671,2007,22,C,UN,S,PASP,0.308
1672,2007,22,C,UN,S,PT,5.516
1673,2007,22,C,UN,S,S,2.004
1674,2007,22,C,UN,S,SOL1,8.271
1675,2007,22,C,UN,S,SWT,0.959
1676,2007,22,C,UN,S,V,1.317
1677,2007,22,D,UN,S,BOX,0.376
1678,2007,22,D,UN,S,ER,1.454
1679,2007,22,D,UN,S,EV,0.843
1680,2007,22,D,UN,S,F1,0.105
1681,2007,22,D,UN,S,F23,0.32
1682,2007,22,D,UN,S,F3,0.116
1683,2007,22,D,UN,S,G5,0.615
1684,2007,22,D,UN,S,HPASP,0.469
1685,2007,22,D,UN,S,J,0.147
1686,2007,22,D,UN,S,LA,1.653
1687,2007,22,D,UN,S,OX,0.027
1688,2007,22,D,UN,S,PAN,4.015
1689,2007,22,D,UN,S,PASP,0.589
1690,2007,22,D,UN,S,PLANT,0.062
1691,2007,22,D,UN,S,PT,10.233
1692,2007,22,D,UN,S,PV,0.009
1693,2007,22,D,UN,S,S,2.432
1694,2007,22,D,UN,S,SOL1,11.7
1695,2007,22,D,UN,S,TUL,0.224
1696,2007,22,D,UN,S,V,0.081
1697,2007,22,E,UN,S,BOX,0.137
1698,2007,22,E,UN,S,ER,0.208
1699,2007,22,E,UN,S,F17,0.014
1700,2007,22,E,UN,S,G1,0.009
1701,2007,22,E,UN,S,G5,0.142
1702,2007,22,E,UN,S,HAST,13
1703,2007,22,E,UN,S,HPASP,0.71
1704,2007,22,E,UN,S,OX,0.093
1705,2007,22,E,UN,S,PAN,2.219
1706,2007,22,E,UN,S,PASP,5.966
1707,2007,22,E,UN,S,PL,0.465
1708,2007,22,E,UN,S,PT,2.096
1709,2007,22,E,UN,S,PV,0.043
1710,2007,22,E,UN,S,S,0.923
1711,2007,22,E,UN,S,TP,0.028
1712,2007,22,E,UN,S,V,0.181
1713,2007,22,F,UN,S,AST ,2.71
1714,2007,22,F,UN,S,AST2,0.764
1715,2007,22,F,UN,S,BOX,0.394
1716,2007,22,F,UN,S,ER,1.195
1717,2007,22,F,UN,S,EV,4.786
1718,2007,22,F,UN,S,F15,0.011
1719,2007,22,F,UN,S,F17,0.064
1720,2007,22,F,UN,S,G1,0.062
1721,2007,22,F,UN,S,HPASP,0.274
1722,2007,22,F,UN,S,LN,0.02
1723,2007,22,F,UN,S,MERC,0.012
1724,2007,22,F,UN,S,PAN,6.594
1725,2007,22,F,UN,S,PASP,2.806
1726,2007,22,F,UN,S,PL,1.737
1727,2007,22,F,UN,S,PT,4.165
1728,2007,22,F,UN,S,S,3.585
1729,2007,22,F,UN,S,S2,0.14
1730,2007,22,F,UN,S,SEN,1.283
1731,2007,22,F,UN,S,TR,0.005
1732,2007,22,F,UN,S,V,0.937
1733,2007,23,A,UN,S,AMB,0.876
1734,2007,23,A,UN,S,API,0.007
1735,2007,23,A,UN,S,ER,0.382
1736,2007,23,A,UN,S,EV,19.71
1737,2007,23,A,UN,S,F14,0.336
1738,2007,23,A,UN,S,F3,0.09
1739,2007,23,A,UN,S,G11,0.752
1740,2007,23,A,UN,S,G13,6.644
1741,2007,23,A,UN,S,G5,0.695
1742,2007,23,A,UN,S,J,2.043
1743,2007,23,A,UN,S,MERC,0.027
1744,2007,23,A,UN,S,PAN,4.312
1745,2007,23,A,UN,S,PASP,11.58
1746,2007,23,A,UN,S,PL ,1.921
1747,2007,23,A,UN,S,PV,1.541
1748,2007,23,A,UN,S,S,3.013
1749,2007,23,A,UN,S,SWT,0.224
1750,2007,23,A,UN,S,V,0.906
1751,2007,23,B,UN,S,EV,5.696
1752,2007,23,B,UN,S,F1,0.018
1753,2007,23,B,UN,S,F2 ,0.128
1754,2007,23,B,UN,S,F3,0.034
1755,2007,23,B,UN,S,F6,0.343
1756,2007,23,B,UN,S,G1,0.227
1757,2007,23,B,UN,S,G11,0.22
1758,2007,23,B,UN,S,G3,0.021
1759,2007,23,B,UN,S,MERC,0.038
1760,2007,23,B,UN,S,PAN,1.534
1761,2007,23,B,UN,S,PL,0.206
1762,2007,23,B,UN,S,PP,0.006
1763,2007,23,B,UN,S,PT,0.961
1764,2007,23,B,UN,S,S,4.337
1765,2007,23,B,UN,S,SET,0.126
1766,2007,23,B,UN,S,SOL1,10.18
1767,2007,23,B,UN,S,V,0.216
1768,2007,23,C,UN,S,API,0.006
1769,2007,23,C,UN,S,AST,5.49
1770,2007,23,C,UN,S,BOX,1.549
1771,2007,23,C,UN,S,F1,0.057
1772,2007,23,C,UN,S,F15,0.126
1773,2007,23,C,UN,S,F2 ,0.233
1774,2007,23,C,UN,S,F3,0.013
1775,2007,23,C,UN,S,G5,0.444
1776,2007,23,C,UN,S,J,1.32
1777,2007,23,C,UN,S,PAN,4.628
1778,2007,23,C,UN,S,PC,2.222
1779,2007,23,C,UN,S,PL,1.15
1780,2007,23,C,UN,S,PT,4.666
1781,2007,23,C,UN,S,PV,2.196
1782,2007,23,C,UN,S,S,4.51
1783,2007,23,C,UN,S,SWT,0.499
1784,2007,23,C,UN,S,V,0.49
1785,2007,23,D,UN,S,AMB,6.681
1786,2007,23,D,UN,S,BOX,0.656
1787,2007,23,D,UN,S,EV,7.611
1788,2007,23,D,UN,S,F1,0.269
1789,2007,23,D,UN,S,F18,0.613
1790,2007,23,D,UN,S,J,2.292
1791,2007,23,D,UN,S,MERC,0.051
1792,2007,23,D,UN,S,PAN,1.748
1793,2007,23,D,UN,S,PL,0.206
1794,2007,23,D,UN,S,PT,1.715
1795,2007,23,D,UN,S,S,3.045
1796,2007,23,D,UN,S,SOL ,0.226
1797,2007,23,D,UN,S,SOL1,0.702
1798,2007,23,D,UN,S,SWT,0.333
1799,2007,23,D,UN,S,V,2.669
1800,2007,23,E,UN,S,AMB,8.1
1801,2007,23,E,UN,S,F17,0.009
1802,2007,23,E,UN,S,J,3.491
1803,2007,23,E,UN,S,MERC,0.021
1804,2007,23,E,UN,S,OX,0.011
1805,2007,23,E,UN,S,PAN,0.186
1806,2007,23,E,UN,S,PV,2.755
1807,2007,23,E,UN,S,S,12.6
1808,2007,23,E,UN,S,SOL1,9.109
1809,2007,23,E,UN,S,V,0.197
1810,2007,23,F,UN,S,AMB,4.376
1811,2007,23,F,UN,S,ER,0.85
1812,2007,23,F,UN,S,EV,2.711
1813,2007,23,F,UN,S,F1,0.01
1814,2007,23,F,UN,S,F3,0.013
1815,2007,23,F,UN,S,F5,0.054
1816,2007,23,F,UN,S,G11,0.019
1817,2007,23,F,UN,S,G5,2.218
1818,2007,23,F,UN,S,J,2.967
1819,2007,23,F,UN,S,MERC,0.132
1820,2007,23,F,UN,S,PAN,1.918
1821,2007,23,F,UN,S,PASP,1.475
1822,2007,23,F,UN,S,PT,1.498
1823,2007,23,F,UN,S,S,5.67
1824,2007,23,F,UN,S,STJ,0.03
1825,2007,23,F,UN,S,V,2.817
1826,2007,24,A,UN,S,AMB,0.922
1827,2007,24,A,UN,S,AST,37.81
1828,2007,24,A,UN,S,EUP,4.597
1829,2007,24,A,UN,S,EV,7.97
1830,2007,24,A,UN,S,F3,0.086
1831,2007,24,A,UN,S,G1,0.255
1832,2007,24,A,UN,S,G7,0.976
1833,2007,24,A,UN,S,LA,0.554
1834,2007,24,A,UN,S,PAN,1.161
1835,2007,24,A,UN,S,PL,0.178
1836,2007,24,A,UN,S,PV,0.268
1837,2007,24,A,UN,S,RUD,14.197
1838,2007,24,A,UN,S,S,5.682
1839,2007,24,A,UN,S,S2,0.38
1840,2007,24,A,UN,S,V,0.103
1841,2007,24,B,UN,S,API,0.026
1842,2007,24,B,UN,S,AST,0.169
1843,2007,24,B,UN,S,AST,3.415
1844,2007,24,B,UN,S,EV,5.274
1845,2007,24,B,UN,S,F15,0.067
1846,2007,24,B,UN,S,G1,0.17
1847,2007,24,B,UN,S,G12,0.486
1848,2007,24,B,UN,S,G14,0.345
1849,2007,24,B,UN,S,G2,0.29
1850,2007,24,B,UN,S,G5,0.147
1851,2007,24,B,UN,S,G7,0.29
1852,2007,24,B,UN,S,LA,0.59
1853,2007,24,B,UN,S,OX,0.003
1854,2007,24,B,UN,S,PAN,1.822
1855,2007,24,B,UN,S,ROSE,0.171
1856,2007,24,B,UN,S,S,6.948
1857,2007,24,B,UN,S,S2,0.463
1858,2007,24,B,UN,S,V,0.09
1859,2007,24,C,UN,S,API,2.364
1860,2007,24,C,UN,S,BOX,0.456
1861,2007,24,C,UN,S,F1,0.038
1862,2007,24,C,UN,S,F15,0.099
1863,2007,24,C,UN,S,F17,0.007
1864,2007,24,C,UN,S,F19,0.328
1865,2007,24,C,UN,S,G1,0.348
1866,2007,24,C,UN,S,G12,0.131
1867,2007,24,C,UN,S,G2,0.334
1868,2007,24,C,UN,S,G5,0.361
1869,2007,24,C,UN,S,HPASP,0.291
1870,2007,24,C,UN,S,MERC,0.034
1871,2007,24,C,UN,S,OX,0.027
1872,2007,24,C,UN,S,PAN,7.368
1873,2007,24,C,UN,S,PASP,2.22
1874,2007,24,C,UN,S,PC,0.397
1875,2007,24,C,UN,S,PL,1.379
1876,2007,24,C,UN,S,PV,0.675
1877,2007,24,C,UN,S,S,5.517
1878,2007,24,C,UN,S,V,0.668
1879,2007,24,D,UN,S,AMB,2.043
1880,2007,24,D,UN,S,API,0.003
1881,2007,24,D,UN,S,BOX,0.295
1882,2007,24,D,UN,S,ER,1.634
1883,2007,24,D,UN,S,F1,0.279
1884,2007,24,D,UN,S,F4,0.113
1885,2007,24,D,UN,S,G1,0.46
1886,2007,24,D,UN,S,G12,0.112
1887,2007,24,D,UN,S,G2,0.213
1888,2007,24,D,UN,S,G5,0.022
1889,2007,24,D,UN,S,MERC,0.004
1890,2007,24,D,UN,S,OX,0.016
1891,2007,24,D,UN,S,PAN,1.394
1892,2007,24,D,UN,S,PASP,2.246
1893,2007,24,D,UN,S,PV,0.03
1894,2007,24,D,UN,S,RUD,0.623
1895,2007,24,D,UN,S,S,5.087
1896,2007,24,D,UN,S,S2,0.204
1897,2007,24,D,UN,S,SOL1,21.47
1898,2007,24,D,UN,S,SWT,0.565
1899,2007,24,D,UN,S,V,0.422
1900,2007,24,E,UN,S,AMB,27.75
1901,2007,24,E,UN,S,AST ,12.12
1902,2007,24,E,UN,S,EV,3.389
1903,2007,24,E,UN,S,F1,0.021
1904,2007,24,E,UN,S,F17,0.04
1905,2007,24,E,UN,S,G1 ,0.326
1906,2007,24,E,UN,S,G12,0.148
1907,2007,24,E,UN,S,G2,0.458
1908,2007,24,E,UN,S,G7,1.549
1909,2007,24,E,UN,S,J,1.057
1910,2007,24,E,UN,S,OX,0.008
1911,2007,24,E,UN,S,PAN,0.772
1912,2007,24,E,UN,S,PL,0.034
1913,2007,24,E,UN,S,S,10.533
1914,2007,24,E,UN,S,S2,0.213
1915,2007,24,E,UN,S,V,0.248
1916,2007,24,F,UN,S,API,0.052
1917,2007,24,F,UN,S,AST2,1.083
1918,2007,24,F,UN,S,EV,48.4
1919,2007,24,F,UN,S,F1,0.011
1920,2007,24,F,UN,S,G3,1.848
1921,2007,24,F,UN,S,G5,0.135
1922,2007,24,F,UN,S,G7,0.223
1923,2007,24,F,UN,S,J,0.303
1924,2007,24,F,UN,S,LA,1.802
1925,2007,24,F,UN,S,PAN,1.265
1926,2007,24,F,UN,S,RUD,10.054
1927,2007,24,F,UN,S,S,11.249
1928,2007,24,F,UN,S,S2,0.624
1929,2007,24,F,UN,S,SOLAN,5.138
1930,2007,24,F,UN,S,STJ,0.055
1931,2007,24,F,UN,S,V,0.145
1932,2007,25,A,INV,S,J,0.086
1933,2007,25,A,INV,S,M,14.55
1934,2007,25,A,INV,S,S,0.185
1935,2007,25,A,INV,S,V,2.881
1936,2007,25,B,INV,S,EV,0.664
1937,2007,25,B,INV,S,F1 ,0.008
1938,2007,25,B,INV,S,M,28.37
1939,2007,25,B,INV,S,S,0.258
1940,2007,25,B,INV,S,S2,0.008
1941,2007,25,B,INV,S,SWT,0.079
1942,2007,25,B,INV,S,V,1.686
1943,2007,25,C,INV,S,F3,0.007
1944,2007,25,C,INV,S,G1,0.061
1945,2007,25,C,INV,S,G7,0.145
1946,2007,25,C,INV,S,M,38.71
1947,2007,25,C,INV,S,PC,0.014
1948,2007,25,C,INV,S,S,0.769
1949,2007,25,C,INV,S,V,6.895
1950,2007,25,D,INV,S,BOX,0.558
1951,2007,25,D,INV,S,M,20.62
1952,2007,25,D,INV,S,S,0.023
1953,2007,25,D,INV,S,V,1.531
1954,2007,25,E,INV,S,G1,0.02
1955,2007,25,E,INV,S,M,17.35
1956,2007,25,E,INV,S,S,1.36
1957,2007,25,E,INV,S,V,5.614
1958,2007,25,F,INV,S,M,48.27
1959,2007,25,F,INV,S,V,0.698
1960,2007,26,A,INV,S,BOX,2.322
1961,2007,26,A,INV,S,ER,0.292
1962,2007,26,A,INV,S,J,0.087
1963,2007,26,A,INV,S,M,23.63
1964,2007,26,A,INV,S,PT,1.264
1965,2007,26,A,INV,S,S,0.219
1966,2007,26,A,INV,S,V,0.406
1967,2007,26,B,INV,S,BOX,1.639
1968,2007,26,B,INV,S,G7,0.344
1969,2007,26,B,INV,S,J,0.058
1970,2007,26,B,INV,S,LA,1.482
1971,2007,26,B,INV,S,M,15.034
1972,2007,26,B,INV,S,OX,0.029
1973,2007,26,B,INV,S,PASP,0.216
1974,2007,26,B,INV,S,PT,0.372
1975,2007,26,B,INV,S,S,0.405
1976,2007,26,B,INV,S,V,0.461
1977,2007,26,C,INV,S,BOX,0.305
1978,2007,26,C,INV,S,F25,18.23
1979,2007,26,C,INV,S,G1,0.037
1980,2007,26,C,INV,S,G7,0.124
1981,2007,26,C,INV,S,HPASP,0.216
1982,2007,26,C,INV,S,M,8.87
1983,2007,26,C,INV,S,MERC,0.008
1984,2007,26,C,INV,S,PAN,0.056
1985,2007,26,C,INV,S,PT,12.63
1986,2007,26,C,INV,S,S,1.436
1987,2007,26,C,INV,S,V,0.734
1988,2007,26,D,INV,S,AST2,7
1989,2007,26,D,INV,S,F15,0.123
1990,2007,26,D,INV,S,G1,0.009
1991,2007,26,D,INV,S,M,5.63
1992,2007,26,D,INV,S,MERC,0.064
1993,2007,26,D,INV,S,PT,0.348
1994,2007,26,D,INV,S,S,0.805
1995,2007,26,D,INV,S,SWT,0.359
1996,2007,26,D,INV,S,V,0.179
1997,2007,26,E,INV,S,BOX,0.148
1998,2007,26,E,INV,S,HORSE,1.465
1999,2007,26,E,INV,S,J,0.159
2000,2007,26,E,INV,S,M,26.94
2001,2007,26,E,INV,S,PT,1.146
2002,2007,26,E,INV,S,S,1.174
2003,2007,26,E,INV,S,V,0.331
2004,2007,26,F,INV,S,EV,0.088
2005,2007,26,F,INV,S,HORSE,10.16
2006,2007,26,F,INV,S,J,0.08
2007,2007,26,F,INV,S,M,34.53
2008,2007,26,F,INV,S,S,0.058
2009,2007,26,F,INV,S,V,0.186
2010,2007,27,A,INV,S,ER,1.844
2011,2007,27,A,INV,S,F1,0.001
2012,2007,27,A,INV,S,F17,0.003
2013,2007,27,A,INV,S,G2,0.11
2014,2007,27,A,INV,S,G7,0.502
2015,2007,27,A,INV,S,J,0.167
2016,2007,27,A,INV,S,M,35.63
2017,2007,27,A,INV,S,MERC,0.005
2018,2007,27,A,INV,S,PAN,0.465
2019,2007,27,A,INV,S,PL,0.007
2020,2007,27,A,INV,S,S,0.877
2021,2007,27,A,INV,S,S2,0.009
2022,2007,27,A,INV,S,SEN,0.13
2023,2007,27,A,INV,S,V,0.002
2024,2007,27,B,INV,S,AST2,0.616
2025,2007,27,B,INV,S,CORNUS,0.306
2026,2007,27,B,INV,S,EV,1.876
2027,2007,27,B,INV,S,F1,0.017
2028,2007,27,B,INV,S,F14,0.018
2029,2007,27,B,INV,S,G12,0.061
2030,2007,27,B,INV,S,G2,0.948
2031,2007,27,B,INV,S,G7,0.341
2032,2007,27,B,INV,S,LA,7.557
2033,2007,27,B,INV,S,M,18.1
2034,2007,27,B,INV,S,PAN,1.613
2035,2007,27,B,INV,S,PV,0.117
2036,2007,27,B,INV,S,S,1.927
2037,2007,27,B,INV,S,S2,0.139
2038,2007,27,B,INV,S,V,0.126
2039,2007,27,C,INV,S,ER,13.346
2040,2007,27,C,INV,S,F1,0.043
2041,2007,27,C,INV,S,G2,0.493
2042,2007,27,C,INV,S,HPASP,0.023
2043,2007,27,C,INV,S,J,0.109
2044,2007,27,C,INV,S,M,35.02
2045,2007,27,C,INV,S,MERC,0.059
2046,2007,27,C,INV,S,OX,0.02
2047,2007,27,C,INV,S,PAN,1.572
2048,2007,27,C,INV,S,PC,6.323
2049,2007,27,C,INV,S,PV,0.037
2050,2007,27,C,INV,S,S2,0.288
2051,2007,27,C,INV,S,STJ,0.07
2052,2007,27,C,INV,S,V,0.049
2053,2007,27,D,INV,S,EV,2.406
2054,2007,27,D,INV,S,G7,0.513
2055,2007,27,D,INV,S,G8,0.326
2056,2007,27,D,INV,S,J,2.737
2057,2007,27,D,INV,S,MERC,1.916
2058,2007,27,D,INV,S,PASP,2.552
2059,2007,27,D,INV,S,PC,0.182
2060,2007,27,E,INV,S,ER,7.02
2061,2007,27,E,INV,S,G8,6.035
2062,2007,27,E,INV,S,J,0.318
2063,2007,27,E,INV,S,M,1.653
2064,2007,27,E,INV,S,S,1.476
2065,2007,27,E,INV,S,SET,2.028
2066,2007,27,E,INV,S,STJ,0.009
2067,2007,27,F,INV,S,G8,8.32
2068,2007,27,F,INV,S,J,0.273
2069,2007,27,F,INV,S,M,10.535
2070,2007,27,F,INV,S,MERC,2.055
2071,2007,27,F,INV,S,S2,0.215
2072,2007,27,F,INV,S,SET,1.303
2073,2007,27,F,INV,S,STJ,0.078
2074,2007,28,A,INV,S,AMB,5.703
2075,2007,28,A,INV,S,EV,2.034
2076,2007,28,A,INV,S,G1,0.193
2077,2007,28,A,INV,S,HPOLY,0.074
2078,2007,28,A,INV,S,M,17.1
2079,2007,28,A,INV,S,PAN,0.792
2080,2007,28,A,INV,S,PL,0.18
2081,2007,28,A,INV,S,PV,0.202
2082,2007,28,A,INV,S,S,2.608
2083,2007,28,A,INV,S,SOL1,5.216
2084,2007,28,A,INV,S,V,0.063
2085,2007,28,B,INV,S,BOX,0.108
2086,2007,28,B,INV,S,EV,9.884
2087,2007,28,B,INV,S,F17,0.032
2088,2007,28,B,INV,S,G1,0.027
2089,2007,28,B,INV,S,M,35
2090,2007,28,B,INV,S,MERC,0.059
2091,2007,28,B,INV,S,S,2.393
2092,2007,28,B,INV,S,V,0.742
2093,2007,28,C,INV,S,G1,0.109
2094,2007,28,C,INV,S,G2,0.382
2095,2007,28,C,INV,S,G7,0.036
2096,2007,28,C,INV,S,HPASP,0.248
2097,2007,28,C,INV,S,LA,0.746
2098,2007,28,C,INV,S,M,29
2099,2007,28,C,INV,S,PAN,1.731
2100,2007,28,C,INV,S,PC,0.061
2101,2007,28,C,INV,S,PL,0.027
2102,2007,28,C,INV,S,S,10.302
2103,2007,28,C,INV,S,SASS,0.264
2104,2007,28,C,INV,S,SOLAN,0.568
2105,2007,28,C,INV,S,V,0.196
2106,2007,28,D,INV,S,EV,0.374
2107,2007,28,D,INV,S,F1,0.039
2108,2007,28,D,INV,S,F18,0.404
2109,2007,28,D,INV,S,F3,0.044
2110,2007,28,D,INV,S,G2,0.022
2111,2007,28,D,INV,S,G7,0.169
2112,2007,28,D,INV,S,HPASP,0.027
2113,2007,28,D,INV,S,J,0.551
2114,2007,28,D,INV,S,M,30.24
2115,2007,28,D,INV,S,MERC,0.159
2116,2007,28,D,INV,S,OX,0.026
2117,2007,28,D,INV,S,PAN,2.055
2118,2007,28,D,INV,S,PL,0.31
2119,2007,28,D,INV,S,POLY,0.014
2120,2007,28,D,INV,S,S,1.737
2121,2007,28,D,INV,S,S2,0.016
2122,2007,28,D,INV,S,V,0.122
2123,2007,28,F,INV,S,AMB,12.02
2124,2007,28,F,INV,S,EV,1.173
2125,2007,28,F,INV,S,EV,0.267
2126,2007,28,F,INV,S,F1,0.013
2127,2007,28,F,INV,S,F1,0.022
2128,2007,28,F,INV,S,F16,0.534
2129,2007,28,F,INV,S,G1,0.173
2130,2007,28,F,INV,S,G1,0.07
2131,2007,28,F,INV,S,G2,0.037
2132,2007,28,F,INV,S,GEUM,0.043
2133,2007,28,F,INV,S,M,33.23
2134,2007,28,F,INV,S,M,23.72
2135,2007,28,F,INV,S,MERC,0.016
2136,2007,28,F,INV,S,OX,0.025
2137,2007,28,F,INV,S,PAN,0.501
2138,2007,28,F,INV,S,PASP,1.699
2139,2007,28,F,INV,S,S,14.7
2140,2007,28,F,INV,S,S,2.518
2141,2007,28,F,INV,S,V,0.147
2142,2007,28,F,INV,S,V,0.04
2143,2007,29,A,INV,S,F1,0.006
2144,2007,29,A,INV,S,G1,0.087
2145,2007,29,A,INV,S,LA,0.164
2146,2007,29,A,INV,S,M,49.46
2147,2007,29,A,INV,S,MERC,0.017
2148,2007,29,A,INV,S,S,0.031
2149,2007,29,A,INV,S,V,1.108
2150,2007,29,B,INV,S,BOX,0.023
2151,2007,29,B,INV,S,M,29.48
2152,2007,29,B,INV,S,S,0.237
2153,2007,29,B,INV,S,V,0.049
2154,2007,29,C,INV,S,BOX,0.602
2155,2007,29,C,INV,S,EV,0.187
2156,2007,29,C,INV,S,G2,0.185
2157,2007,29,C,INV,S,G7,0.083
2158,2007,29,C,INV,S,J,0.269
2159,2007,29,C,INV,S,M,19.82
2160,2007,29,C,INV,S,MERC,0.037
2161,2007,29,C,INV,S,S,1.337
2162,2007,29,C,INV,S,V,0.229
2163,2007,29,D,INV,S,ASH,0.16
2164,2007,29,D,INV,S,BOX,1.19
2165,2007,29,D,INV,S,F11,0.01
2166,2007,29,D,INV,S,G1,0.019
2167,2007,29,D,INV,S,M,29.65
2168,2007,29,D,INV,S,PV,0.003
2169,2007,29,D,INV,S,ROSE,1.183
2170,2007,29,D,INV,S,S,0.704
2171,2007,29,D,INV,S,S2,0.075
2172,2007,29,D,INV,S,V,1.183
2173,2007,29,E,INV,S,ER,0.647
2174,2007,29,E,INV,S,EV,1.153
2175,2007,29,E,INV,S,EV,0.222
2176,2007,29,E,INV,S,F11,0.024
2177,2007,29,E,INV,S,F20,0.067
2178,2007,29,E,INV,S,F21,0.019
2179,2007,29,E,INV,S,G1,0.008
2180,2007,29,E,INV,S,G7,0.007
2181,2007,29,E,INV,S,J,0.614
2182,2007,29,E,INV,S,LA,0.25
2183,2007,29,E,INV,S,LN,0.076
2184,2007,29,E,INV,S,M,47.57
2185,2007,29,E,INV,S,M,38.69
2186,2007,29,E,INV,S,MERC,0.039
2187,2007,29,E,INV,S,S,0.674
2188,2007,29,E,INV,S,S,0.853
2189,2007,29,E,INV,S,V,1.083
2190,2007,29,E,INV,S,V,0.115
2191,2007,30,A,INV,S,G12,0.075
2192,2007,30,A,INV,S,G2,0.163
2193,2007,30,A,INV,S,LA,0.236
2194,2007,30,A,INV,S,M,19.164
2195,2007,30,A,INV,S,S,4.042
2196,2007,30,A,INV,S,V,2.313
2197,2007,30,B,INV,S,G1,0.062
2198,2007,30,B,INV,S,G2,0.15
2199,2007,30,B,INV,S,G7,0.892
2200,2007,30,B,INV,S,M,18.223
2201,2007,30,B,INV,S,MERC,0.003
2202,2007,30,B,INV,S,S,2.122
2203,2007,30,B,INV,S,S2,0.055
2204,2007,30,B,INV,S,V,0.185
2205,2007,30,C,INV,S,BOX,1.217
2206,2007,30,C,INV,S,G2,0.051
2207,2007,30,C,INV,S,G7,0.485
2208,2007,30,C,INV,S,J,0.059
2209,2007,30,C,INV,S,M,18.226
2210,2007,30,C,INV,S,PC,0.396
2211,2007,30,C,INV,S,S,1.485
2212,2007,30,C,INV,S,V,1.756
2213,2007,30,D,INV,S,G2,0.018
2214,2007,30,D,INV,S,G3,0.043
2215,2007,30,D,INV,S,M,24.52
2216,2007,30,D,INV,S,S,1.972
2217,2007,30,D,INV,S,V,1.681
2218,2007,30,E,INV,S,BOX,3.271
2219,2007,30,E,INV,S,G1,0.001
2220,2007,30,E,INV,S,LA,0.624
2221,2007,30,E,INV,S,M,5.3
2222,2007,30,E,INV,S,PQ,0.083
2223,2007,30,E,INV,S,S,0.835
2224,2007,30,E,INV,S,V,3.316
2225,2007,30,F,INV,S,G2,0.12
2226,2007,30,F,INV,S,M,28.82
2227,2007,30,F,INV,S,S,0.391
2228,2007,30,F,INV,S,V,2.507
2229,2007,31,A,INV,S,BOX,0.237
2230,2007,31,A,INV,S,EV,2.795
2231,2007,31,A,INV,S,F14,0.071
2232,2007,31,A,INV,S,F23,1.34
2233,2007,31,A,INV,S,J,0.189
2234,2007,31,A,INV,S,LN,0.031
2235,2007,31,A,INV,S,M,30.97
2236,2007,31,A,INV,S,OX,0.006
2237,2007,31,A,INV,S,PAN,0.221
2238,2007,31,A,INV,S,PT,0.288
2239,2007,31,A,INV,S,S,2.606
2240,2007,31,A,INV,S,S2,0.206
2241,2007,31,A,INV,S,V,0.026
2242,2007,31,B,INV,S,F23,0.2
2243,2007,31,B,INV,S,M,36.9
2244,2007,31,B,INV,S,PC,0.565
2245,2007,31,B,INV,S,S,0.095
2246,2007,31,B,INV,S,V,0.008
2247,2007,31,C,INV,S,ER,0.057
2248,2007,31,C,INV,S,F1,0.057
2249,2007,31,C,INV,S,G1,0.076
2250,2007,31,C,INV,S,G3,0.052
2251,2007,31,C,INV,S,G7,0.456
2252,2007,31,C,INV,S,M,47.58
2253,2007,31,C,INV,S,OX,0.019
2254,2007,31,C,INV,S,PL,1.036
2255,2007,31,C,INV,S,S,1.493
2256,2007,31,C,INV,S,S2,0.087
2257,2007,31,C,INV,S,SEN,0.436
2258,2007,31,C,INV,S,V,0.199
2259,2007,31,D,INV,S,BOX,0.455
2260,2007,31,D,INV,S,EV,0.997
2261,2007,31,D,INV,S,F1,0.016
2262,2007,31,D,INV,S,J,0.208
2263,2007,31,D,INV,S,M,41.62
2264,2007,31,D,INV,S,PL,0.129
2265,2007,31,D,INV,S,S,1.836
2266,2007,31,D,INV,S,V,0.12
2267,2007,31,E,INV,S,BOX,2.176
2268,2007,31,E,INV,S,ER,0.485
2269,2007,31,E,INV,S,ER,0.335
2270,2007,31,E,INV,S,G12,0.562
2271,2007,31,E,INV,S,G3,1.296
2272,2007,31,E,INV,S,G7,0.109
2273,2007,31,E,INV,S,G7,0.329
2274,2007,31,E,INV,S,J,0.249
2275,2007,31,E,INV,S,LN,0.046
2276,2007,31,E,INV,S,M,26.8
2277,2007,31,E,INV,S,MERC,0.029
2278,2007,31,E,INV,S,OX,0.299
2279,2007,31,E,INV,S,PAN,2.722
2280,2007,31,E,INV,S,PASP,2.102
2281,2007,31,E,INV,S,PT,0.226
2282,2007,31,E,INV,S,S,1.706
2283,2007,31,E,INV,S,S,4.198
2284,2007,31,E,INV,S,S2,0.211
2285,2007,31,E,INV,S,S2,0.596
2286,2007,31,E,INV,S,SEN,20.34
2287,2007,31,E,INV,S,V,1.701
2288,2007,31,E,INV,S,V,1.304
2289,2007,31,F,INV,S,BOX,0.3
2290,2007,31,F,INV,S,EV,0.191
2291,2007,31,F,INV,S,G1,0.009
2292,2007,31,F,INV,S,G3,0.032
2293,2007,31,F,INV,S,M,52.52
2294,2007,31,F,INV,S,OX,0.023
2295,2007,31,F,INV,S,PL,0.106
2296,2007,31,F,INV,S,S,0.188
2297,2007,31,F,INV,S,V,0.589
2298,2007,32,A,INV,S,BOX,0.668
2299,2007,32,A,INV,S,ER,0.21
2300,2007,32,A,INV,S,F15,0.812
2301,2007,32,A,INV,S,G5,0.093
2302,2007,32,A,INV,S,G7,0.406
2303,2007,32,A,INV,S,HAST,3.399
2304,2007,32,A,INV,S,HPASP,0.178
2305,2007,32,A,INV,S,J,0.068
2306,2007,32,A,INV,S,M,7.492
2307,2007,32,A,INV,S,PAN,1.604
2308,2007,32,A,INV,S,PV,0.12
2309,2007,32,A,INV,S,S,4.13
2310,2007,32,A,INV,S,SWT,0.154
2311,2007,32,A,INV,S,V,0.075
2312,2007,32,B,INV,S,AST2,2.079
2313,2007,32,B,INV,S,BOX,0.48
2314,2007,32,B,INV,S,EV,4.089
2315,2007,32,B,INV,S,F1,0.048
2316,2007,32,B,INV,S,F23,1.311
2317,2007,32,B,INV,S,G1 ,0.085
2318,2007,32,B,INV,S,G12,0.085
2319,2007,32,B,INV,S,G2,0.064
2320,2007,32,B,INV,S,HPASP,0.119
2321,2007,32,B,INV,S,M,6.753
2322,2007,32,B,INV,S,PAN,4.504
2323,2007,32,B,INV,S,PASP,1.386
2324,2007,32,B,INV,S,PL,0.218
2325,2007,32,B,INV,S,PT,1.143
2326,2007,32,B,INV,S,PV,0.327
2327,2007,32,B,INV,S,S,3.612
2328,2007,32,B,INV,S,SOL1,3.469
2329,2007,32,B,INV,S,V,0.875
2330,2007,32,C,INV,S,BOX,0.488
2331,2007,32,C,INV,S,ER,0.367
2332,2007,32,C,INV,S,F18,5.903
2333,2007,32,C,INV,S,F23,1.07
2334,2007,32,C,INV,S,G5,0.057
2335,2007,32,C,INV,S,HAST,11.429
2336,2007,32,C,INV,S,M,16.84
2337,2007,32,C,INV,S,PAN,7.136
2338,2007,32,C,INV,S,PC,0.299
2339,2007,32,C,INV,S,PT,1.625
2340,2007,32,C,INV,S,S,7.23
2341,2007,32,C,INV,S,S2,0.167
2342,2007,32,C,INV,S,SOLAN,0.444
2343,2007,32,C,INV,S,V,2.215
2344,2007,32,D,INV,S,AST2,0.799
2345,2007,32,D,INV,S,BOX,0.102
2346,2007,32,D,INV,S,ER,0.515
2347,2007,32,D,INV,S,G1,0.123
2348,2007,32,D,INV,S,G5,0.132
2349,2007,32,D,INV,S,HPASP,0.623
2350,2007,32,D,INV,S,LA,0.461
2351,2007,32,D,INV,S,LN,0.039
2352,2007,32,D,INV,S,M,11.11
2353,2007,32,D,INV,S,MERC,0.049
2354,2007,32,D,INV,S,PAN,4.458
2355,2007,32,D,INV,S,PASP,1.26
2356,2007,32,D,INV,S,PL,0.21
2357,2007,32,D,INV,S,PT,0.185
2358,2007,32,D,INV,S,PV,1.754
2359,2007,32,D,INV,S,S,4.679
2360,2007,32,D,INV,S,V,0.244
2361,2007,32,E,INV,S,AST2,3.06
2362,2007,32,E,INV,S,BOX,1.522
2363,2007,32,E,INV,S,G7,0.3
2364,2007,32,E,INV,S,HPOLY,1.208
2365,2007,32,E,INV,S,J,0.144
2366,2007,32,E,INV,S,LA,1.99
2367,2007,32,E,INV,S,M,22.95
2368,2007,32,E,INV,S,PAN,1.772
2369,2007,32,E,INV,S,S,6.942
2370,2007,32,E,INV,S,V,1.106
2371,2007,32,F,INV,S,AST2,39.76
2372,2007,32,F,INV,S,G1,0.073
2373,2007,32,F,INV,S,G7,0.057
2374,2007,32,F,INV,S,M,11.13
2375,2007,32,F,INV,S,PAN,1.942
2376,2007,32,F,INV,S,PT,2.052
2377,2007,32,F,INV,S,PV,0.56
2378,2007,32,F,INV,S,S,4.524
2379,2007,32,F,INV,S,V,2
